user_id,gender,region,role,interest,played_type
U3536,男,广东,自由职业者,竞技对抗,策略
U6536,男,西安,资深极客,硬核技术,模拟
U1811,女,上海,资深极客,二次元,抢先体验
U9130,男,武汉,自由职业者,赛博朋克,2D游戏
U1613,男,杭州,资深极客,硬核技术,模拟
U6881,女,广东,职场新人,萌系治愈,潜行
U2410,男,上海,资深极客,硬核技术,模拟
U9938,隐私保密,上海,自由职业者,二次元,写实
U9178,女,上海,大学生,二次元,经营管理
U7620,男,广东,大学生,竞技对抗,卡牌游戏
U6515,男,武汉,资深极客,硬核技术,模拟
U8115,男,杭州,全职家长,历史考据,动作
U9365,男,西安,中学生,国风文化,剧情丰富
U8139,男,广东,大学生,硬核技术,潜行
U9943,女,西安,中学生,国风文化,战术
U8580,男,上海,资深极客,硬核技术,自动化
U6865,男,杭州,全职家长,历史考据,射击
U9791,女,北京,自由职业者,赛博朋克,开放世界
U7634,男,北京,全职家长,赛博朋克,自动化
U4219,男,北京,自由职业者,赛博朋克,回合制
U4271,女,北京,自由职业者,赛博朋克,战争
U2238,隐私保密,杭州,全职家长,历史考据,可爱
U3887,隐私保密,杭州,资深极客,硬核技术,战争
U6195,男,杭州,资深极客,硬核技术,肉鸽(Roguelike)
U8619,男,杭州,全职家长,竞技对抗,成人内容
U6757,女,上海,全职家长,二次元,抢先体验
U1918,隐私保密,杭州,全职家长,历史考据,视觉小说
U8053,男,西安,资深极客,硬核技术,格斗
U8465,男,广东,职场新人,竞技对抗,策略
U1211,女,北京,自由职业者,赛博朋克,写实
U9765,女,杭州,全职家长,历史考据,射击
U5267,女,北京,自由职业者,赛博朋克,电脑角色扮演
U7772,女,上海,职场新人,萌系治愈,潜行
U8264,男,广东,资深极客,竞技对抗,策略
U4729,隐私保密,北京,自由职业者,赛博朋克,开放世界
U3846,隐私保密,成都,资深极客,硬核技术,卡牌游戏
U7220,女,上海,中学生,二次元,建造
U1123,男,北京,自由职业者,赛博朋克,写实
U5370,男,武汉,全职家长,赛博朋克,开放世界
U4937,隐私保密,西安,中学生,国风文化,合成工艺
U8331,女,广东,职场新人,萌系治愈,像素图形
U8077,隐私保密,广东,自由职业者,竞技对抗,日系RPG
U6517,男,北京,自由职业者,赛博朋克,电脑角色扮演
U8324,女,上海,大学生,二次元,角色扮演
U1215,隐私保密,北京,自由职业者,赛博朋克,战争
U4002,隐私保密,西安,中学生,国风文化,平台动作
U5632,男,西安,中学生,国风文化,益智
U2098,女,武汉,职场新人,萌系治愈,2.5D游戏
U5252,男,西安,中学生,国风文化,平台动作
U1533,女,北京,自由职业者,赛博朋克,成人内容
U5372,男,北京,全职家长,国风文化,格斗
U5074,女,广东,自由职业者,赛博朋克,2.5D游戏
U9417,女,上海,自由职业者,二次元,类魂
U1455,女,上海,大学生,历史考据,平台动作
U9916,隐私保密,杭州,全职家长,历史考据,动漫
U9281,男,北京,职场新人,国风文化,建造
U9924,女,武汉,职场新人,萌系治愈,战斗
U5892,男,广东,自由职业者,竞技对抗,2D游戏
U7495,女,杭州,全职家长,历史考据,可爱
U6319,隐私保密,广东,大学生,硬核技术,写实
U6423,男,西安,中学生,国风文化,益智
U5638,男,北京,资深极客,硬核技术,驾驶
U8648,隐私保密,西安,中学生,国风文化,平台动作
U3462,男,上海,资深极客,硬核技术,肉鸽(Roguelike)
U5471,男,西安,中学生,国风文化,战术
U5905,女,上海,大学生,二次元,抢先体验
U7532,女,上海,自由职业者,二次元,角色扮演
U5404,女,西安,中学生,国风文化,合成工艺
U1305,女,成都,职场新人,萌系治愈,潜行
U8339,隐私保密,北京,资深极客,萌系治愈,射击
U2664,女,杭州,全职家长,历史考据,动漫
U3724,隐私保密,西安,中学生,国风文化,平台动作
U2722,女,上海,资深极客,二次元,多人在线联机
U7384,隐私保密,西安,中学生,国风文化,生存
U1706,女,杭州,大学生,赛博朋克,恐怖
U8062,男,北京,自由职业者,赛博朋克,战争
U5130,男,广东,大学生,竞技对抗,2D游戏
U4781,男,武汉,全职家长,历史考据,益智
U5668,女,成都,职场新人,萌系治愈,2.5D游戏
U2018,男,广东,大学生,竞技对抗,2D游戏
U8928,女,成都,职场新人,萌系治愈,第一人称射击
U5441,男,杭州,全职家长,历史考据,动漫
U1290,隐私保密,西安,中学生,国风文化,剧情丰富
U9293,女,西安,中学生,国风文化,剧情丰富
U1421,女,杭州,职场新人,萌系治愈,战斗
U5796,女,上海,自由职业者,二次元,角色扮演
U3985,男,杭州,资深极客,硬核技术,肉鸽(Roguelike)
U8646,隐私保密,北京,自由职业者,赛博朋克,写实
U3856,男,西安,中学生,国风文化,合成工艺
U4271,女,武汉,自由职业者,历史考据,战争
U3671,女,上海,职场新人,萌系治愈,第一人称射击
U5635,男,西安,中学生,国风文化,合成工艺
U4649,男,杭州,全职家长,历史考据,视觉小说
U9807,隐私保密,成都,资深极客,赛博朋克,平台动作
U1402,女,上海,职场新人,萌系治愈,恐怖
U5492,男,广东,自由职业者,竞技对抗,卡牌游戏
U1293,女,北京,职场新人,萌系治愈,战斗
U9716,隐私保密,广东,全职家长,竞技对抗,日系RPG
U6880,男,广东,大学生,竞技对抗,日系RPG
U1535,女,北京,职场新人,萌系治愈,战斗
U8117,女,上海,中学生,二次元,经营管理
U7507,男,北京,自由职业者,赛博朋克,电脑角色扮演
U6172,隐私保密,杭州,全职家长,历史考据,视觉小说
U2981,女,杭州,职场新人,萌系治愈,潜行
U5536,男,广东,自由职业者,竞技对抗,奇幻
U1633,隐私保密,北京,自由职业者,赛博朋克,电脑角色扮演
U4201,女,北京,自由职业者,赛博朋克,开放世界
U6645,女,北京,自由职业者,赛博朋克,回合制
U9597,男,西安,中学生,国风文化,生存
U5428,男,西安,中学生,国风文化,平台动作
U1882,男,杭州,全职家长,历史考据,沙盒
U4052,男,北京,全职家长,国风文化,战争
U2664,隐私保密,北京,自由职业者,赛博朋克,写实
U3194,男,北京,自由职业者,赛博朋克,成人内容
U4259,男,杭州,职场新人,历史考据,沙盒
U2227,男,广东,中学生,竞技对抗,卡牌游戏
U1216,男,广东,资深极客,竞技对抗,奇幻
U8962,女,武汉,中学生,历史考据,回合制
U2474,男,广东,资深极客,竞技对抗,体育
U1666,男,广东,大学生,竞技对抗,奇幻
U2208,男,广东,资深极客,硬核技术,模拟
U9473,女,北京,自由职业者,赛博朋克,写实
U2720,女,上海,职场新人,二次元,经营管理
U8176,女,上海,中学生,二次元,经营管理
U7031,男,广东,全职家长,竞技对抗,日系RPG
U3459,男,西安,中学生,国风文化,战术
U4515,女,上海,资深极客,萌系治愈,模拟
U1378,女,上海,资深极客,二次元,经营管理
U2192,女,成都,全职家长,竞技对抗,恐怖
U2605,女,广东,职场新人,萌系治愈,第一人称射击
U4006,女,上海,全职家长,二次元,经营管理
U1469,隐私保密,成都,资深极客,萌系治愈,像素图形
U9751,男,广东,资深极客,竞技对抗,奇幻
U9873,女,广东,职场新人,萌系治愈,像素图形
U3438,女,上海,大学生,二次元,经营管理
U4473,隐私保密,北京,自由职业者,赛博朋克,回合制
U9338,女,上海,资深极客,二次元,建造
U1646,男,北京,自由职业者,赛博朋克,成人内容
U8682,男,西安,资深极客,硬核技术,冒险
U7527,女,西安,职场新人,萌系治愈,潜行
U2901,女,上海,大学生,二次元,建造
U1598,男,北京,自由职业者,赛博朋克,回合制
U1352,女,成都,大学生,竞技对抗,抢先体验
U3587,男,上海,资深极客,硬核技术,自动化
U6988,女,上海,职场新人,萌系治愈,战斗
U5321,男,广东,自由职业者,竞技对抗,日系RPG
U7218,男,北京,资深极客,硬核技术,驾驶
U2024,男,上海,中学生,赛博朋克,可爱
U3550,男,广东,资深极客,硬核技术,肉鸽(Roguelike)
U7490,男,北京,自由职业者,赛博朋克,成人内容
U7115,女,西安,中学生,国风文化,平台动作
U8456,隐私保密,杭州,全职家长,历史考据,视觉小说
U9914,男,上海,资深极客,硬核技术,模拟
U1338,男,成都,中学生,赛博朋克,合成工艺
U5275,女,北京,职场新人,萌系治愈,战斗
U7139,男,广东,中学生,竞技对抗,体育
U4670,男,广东,中学生,竞技对抗,策略
U1608,男,上海,资深极客,硬核技术,格斗
U1333,男,北京,自由职业者,赛博朋克,写实
U1718,男,北京,自由职业者,赛博朋克,回合制
U1373,男,西安,中学生,国风文化,剧情丰富
U1380,女,广东,职场新人,萌系治愈,战斗
U6212,男,广东,大学生,竞技对抗,奇幻
U1282,女,上海,自由职业者,二次元,类魂
U3110,女,广东,全职家长,萌系治愈,模拟
U5695,女,上海,资深极客,二次元,建造
U4186,男,杭州,全职家长,历史考据,动漫
U9233,女,西安,中学生,国风文化,益智
U2506,隐私保密,北京,自由职业者,赛博朋克,电脑角色扮演
U5310,女,上海,全职家长,二次元,多人在线联机
U8832,男,广东,职场新人,竞技对抗,2D游戏
U4343,隐私保密,杭州,自由职业者,赛博朋克,动漫
U4271,男,武汉,资深极客,硬核技术,模拟
U1272,隐私保密,杭州,全职家长,历史考据,射击
U2772,女,西安,中学生,国风文化,益智
U1694,女,武汉,职场新人,萌系治愈,恐怖
U2330,男,杭州,全职家长,历史考据,动作
U6946,女,武汉,职场新人,萌系治愈,像素图形
U7791,女,北京,职场新人,萌系治愈,第一人称射击
U7789,男,成都,资深极客,硬核技术,模拟
U6128,男,广东,资深极客,竞技对抗,策略
U5040,男,西安,中学生,国风文化,生存
U9157,男,广东,职场新人,竞技对抗,卡牌游戏
U4061,女,杭州,全职家长,历史考据,视觉小说
U2339,隐私保密,杭州,全职家长,历史考据,可爱
U1683,隐私保密,广东,中学生,萌系治愈,奇幻
U6849,女,上海,资深极客,二次元,经营管理
U7575,女,西安,中学生,国风文化,合成工艺
U8052,隐私保密,武汉,资深极客,赛博朋克,电脑角色扮演
U7186,隐私保密,成都,大学生,硬核技术,益智
U3370,隐私保密,杭州,全职家长,历史考据,动作
U3179,女,杭州,职场新人,萌系治愈,恐怖
U6703,女,北京,自由职业者,赛博朋克,开放世界
U2258,男,武汉,资深极客,硬核技术,自动化
U7040,男,杭州,全职家长,历史考据,可爱
U5303,女,杭州,全职家长,历史考据,动作
U6229,隐私保密,杭州,全职家长,历史考据,动作
U5142,女,西安,中学生,国风文化,剧情丰富
U7368,女,武汉,资深极客,萌系治愈,益智
U6849,男,广东,资深极客,竞技对抗,卡牌游戏
U2324,女,上海,大学生,二次元,抢先体验
U4973,男,成都,资深极客,萌系治愈,肉鸽(Roguelike)
U6269,男,北京,资深极客,硬核技术,肉鸽(Roguelike)
U8150,隐私保密,西安,中学生,国风文化,益智
U8713,女,武汉,职场新人,赛博朋克,模拟
U5797,女,成都,职场新人,萌系治愈,战斗
U9305,男,北京,资深极客,硬核技术,肉鸽(Roguelike)
U3858,女,北京,自由职业者,赛博朋克,成人内容
U3795,男,杭州,资深极客,硬核技术,肉鸽(Roguelike)
U4012,女,上海,资深极客,二次元,类魂
U6767,男,北京,自由职业者,赛博朋克,回合制
U4585,女,杭州,全职家长,历史考据,视觉小说
U5081,男,广东,全职家长,竞技对抗,2D游戏
U8434,男,西安,中学生,国风文化,平台动作
U6075,男,杭州,全职家长,历史考据,动作
U2779,女,杭州,全职家长,历史考据,动作
U4519,女,上海,资深极客,二次元,抢先体验
U6394,女,广东,职场新人,萌系治愈,战斗
U6067,女,北京,自由职业者,赛博朋克,成人内容
U6604,女,杭州,职场新人,萌系治愈,第一人称射击
U5991,男,武汉,资深极客,硬核技术,自动化
U8059,男,北京,自由职业者,赛博朋克,回合制
U6558,男,西安,资深极客,硬核技术,肉鸽(Roguelike)
U6885,男,广东,中学生,竞技对抗,策略
U7331,隐私保密,北京,自由职业者,赛博朋克,战争
U4803,男,上海,资深极客,硬核技术,冒险
U1272,女,上海,职场新人,二次元,角色扮演
U8890,女,杭州,全职家长,历史考据,射击
U7918,男,成都,自由职业者,二次元,模拟
U3145,女,北京,职场新人,萌系治愈,2.5D游戏
U8726,隐私保密,北京,自由职业者,赛博朋克,写实
U7826,女,上海,全职家长,二次元,抢先体验
U2183,女,上海,职场新人,萌系治愈,2.5D游戏
U1978,男,杭州,资深极客,硬核技术,冒险
U5996,男,成都,资深极客,硬核技术,自动化
U6694,男,广东,资深极客,硬核技术,自动化
U4516,男,成都,大学生,国风文化,恐怖
U7454,男,北京,资深极客,硬核技术,驾驶
U5050,隐私保密,西安,中学生,国风文化,战术
U2334,女,广东,中学生,萌系治愈,沙盒
U8521,女,广东,职场新人,萌系治愈,战斗
U4913,隐私保密,西安,中学生,国风文化,剧情丰富
U6753,隐私保密,西安,中学生,国风文化,剧情丰富
U1457,男,上海,资深极客,硬核技术,自动化
U1179,隐私保密,杭州,全职家长,历史考据,动作
U9886,男,广东,资深极客,竞技对抗,策略
U4569,隐私保密,北京,自由职业者,赛博朋克,战争
U7599,隐私保密,杭州,全职家长,历史考据,动漫
U9559,女,上海,职场新人,二次元,建造
U2314,男,西安,中学生,国风文化,合成工艺
U4016,女,杭州,全职家长,历史考据,动作
U7800,女,广东,中学生,国风文化,第一人称射击
U2366,隐私保密,武汉,自由职业者,竞技对抗,类魂
U1256,女,上海,大学生,二次元,多人在线联机
U1864,女,西安,中学生,国风文化,益智
U8952,女,上海,全职家长,二次元,抢先体验
U9192,男,上海,资深极客,硬核技术,模拟
U6733,隐私保密,西安,中学生,国风文化,益智
U4774,男,广东,中学生,国风文化,回合制
U1239,女,成都,职场新人,萌系治愈,潜行
U9322,男,广东,自由职业者,竞技对抗,2D游戏
U8700,隐私保密,广东,全职家长,硬核技术,射击
U5984,男,广东,职场新人,竞技对抗,策略
U7387,隐私保密,北京,自由职业者,赛博朋克,战争
U3968,隐私保密,成都,自由职业者,硬核技术,回合制
U9378,女,上海,职场新人,萌系治愈,战斗
U5259,女,杭州,职场新人,萌系治愈,像素图形
U9347,隐私保密,北京,自由职业者,赛博朋克,成人内容
U2401,女,杭州,自由职业者,二次元,冒险
U2799,女,上海,资深极客,二次元,多人在线联机
U7433,男,北京,资深极客,硬核技术,2.5D游戏
U6303,男,杭州,全职家长,历史考据,动作
U1103,男,北京,资深极客,硬核技术,自动化
U9046,男,广东,资深极客,二次元,冒险
U2953,男,西安,中学生,国风文化,合成工艺
U7169,男,广东,大学生,竞技对抗,体育
U4005,女,上海,大学生,二次元,类魂
U5554,女,上海,自由职业者,二次元,类魂
U7916,男,成都,资深极客,硬核技术,驾驶
U1133,女,上海,自由职业者,二次元,角色扮演
U5709,男,广东,自由职业者,竞技对抗,卡牌游戏
U1179,女,上海,资深极客,二次元,类魂
U2099,女,上海,中学生,二次元,建造
U5250,男,上海,资深极客,硬核技术,格斗
U8956,男,广东,中学生,竞技对抗,2D游戏
U1450,男,西安,中学生,国风文化,合成工艺
U5022,女,西安,职场新人,萌系治愈,像素图形
U4930,女,上海,中学生,二次元,角色扮演
U4376,女,西安,职场新人,萌系治愈,第一人称射击
U4402,女,成都,职场新人,萌系治愈,战斗
U2250,女,上海,职场新人,萌系治愈,战斗
U8898,女,上海,自由职业者,二次元,类魂
U5870,女,上海,职场新人,萌系治愈,第一人称射击
U3716,男,北京,自由职业者,赛博朋克,写实
U9771,男,西安,大学生,竞技对抗,模拟
U2751,男,广东,资深极客,竞技对抗,日系RPG
U3412,女,上海,大学生,二次元,类魂
U8137,男,西安,中学生,国风文化,平台动作
U3359,男,广东,自由职业者,竞技对抗,奇幻
U5182,男,广东,职场新人,竞技对抗,卡牌游戏
U3778,男,北京,自由职业者,赛博朋克,成人内容
U5799,隐私保密,杭州,全职家长,历史考据,可爱
U1454,男,上海,资深极客,硬核技术,肉鸽(Roguelike)
U5062,女,广东,职场新人,萌系治愈,战斗
U5708,女,上海,职场新人,硬核技术,卡牌游戏
U3320,男,成都,资深极客,硬核技术,肉鸽(Roguelike)
U5110,男,广东,资深极客,竞技对抗,2D游戏
U5787,男,广东,资深极客,硬核技术,冒险
U1560,男,西安,中学生,国风文化,剧情丰富
U2411,女,广东,职场新人,萌系治愈,恐怖
U5373,女,北京,自由职业者,赛博朋克,开放世界
U2967,女,上海,资深极客,二次元,角色扮演
U2620,男,广东,全职家长,竞技对抗,奇幻
U7044,女,上海,中学生,二次元,建造
U5979,男,西安,全职家长,萌系治愈,沙盒
U8959,隐私保密,西安,中学生,国风文化,益智
U6842,女,上海,资深极客,二次元,建造
U6992,女,北京,自由职业者,赛博朋克,写实
U5547,女,上海,大学生,二次元,多人在线联机
U3995,男,北京,自由职业者,赛博朋克,写实
U6270,隐私保密,广东,中学生,竞技对抗,体育
U2612,女,西安,中学生,国风文化,益智
U8565,女,杭州,全职家长,历史考据,动作
U2482,隐私保密,广东,中学生,二次元,奇幻
U1200,男,广东,大学生,竞技对抗,奇幻
U6299,男,广东,全职家长,竞技对抗,策略
U9809,女,上海,全职家长,二次元,抢先体验
U4453,隐私保密,上海,中学生,竞技对抗,卡牌游戏
U6523,女,上海,自由职业者,二次元,经营管理
U6057,隐私保密,武汉,资深极客,赛博朋克,像素图形
U5194,女,上海,职场新人,二次元,多人在线联机
U7476,男,武汉,资深极客,硬核技术,自动化
U2054,女,上海,自由职业者,二次元,多人在线联机
U2653,男,上海,资深极客,硬核技术,驾驶
U6802,女,上海,中学生,二次元,类魂
U3816,隐私保密,杭州,全职家长,历史考据,视觉小说
U9707,女,武汉,职场新人,萌系治愈,2.5D游戏
U3150,女,北京,自由职业者,赛博朋克,战争
U7036,女,上海,资深极客,二次元,角色扮演
U4466,男,杭州,全职家长,历史考据,视觉小说
U6665,隐私保密,北京,职场新人,竞技对抗,策略
U3066,女,上海,职场新人,萌系治愈,第一人称射击
U3056,女,西安,中学生,国风文化,益智
U2926,女,杭州,全职家长,历史考据,沙盒
U5285,男,西安,中学生,国风文化,合成工艺
U4500,女,北京,自由职业者,赛博朋克,成人内容
U5099,男,成都,自由职业者,国风文化,视觉小说
U8925,男,成都,资深极客,萌系治愈,多人在线联机
U1146,女,广东,职场新人,萌系治愈,2.5D游戏
U8473,男,广东,资深极客,竞技对抗,策略
U1701,男,杭州,全职家长,历史考据,沙盒
U8494,男,北京,资深极客,硬核技术,模拟
U6806,男,广东,职场新人,竞技对抗,体育
U4216,女,北京,自由职业者,赛博朋克,回合制
U4891,女,上海,自由职业者,二次元,经营管理
U9196,隐私保密,杭州,全职家长,历史考据,可爱
U7235,男,北京,自由职业者,赛博朋克,回合制
U5674,男,广东,中学生,竞技对抗,体育
U8838,女,北京,自由职业者,赛博朋克,战争
U2643,男,杭州,资深极客,硬核技术,驾驶
U7071,女,上海,职场新人,萌系治愈,2.5D游戏
U1960,男,杭州,全职家长,历史考据,动漫
U7816,隐私保密,杭州,大学生,硬核技术,像素图形
U3670,女,北京,职场新人,二次元,体育
U1768,女,上海,大学生,二次元,角色扮演
U3544,女,上海,大学生,二次元,多人在线联机
U7373,男,上海,资深极客,硬核技术,驾驶
U3634,女,西安,中学生,国风文化,平台动作
U7460,女,上海,职场新人,二次元,经营管理
U9187,女,上海,中学生,二次元,抢先体验
U1444,隐私保密,西安,中学生,国风文化,生存
U9513,男,广东,资深极客,竞技对抗,卡牌游戏
U7005,女,杭州,全职家长,历史考据,可爱
U4126,男,武汉,资深极客,硬核技术,驾驶
U8379,女,北京,职场新人,萌系治愈,潜行
U5046,女,上海,职场新人,萌系治愈,战斗
U5936,女,西安,中学生,国风文化,战术
U1431,女,成都,职场新人,萌系治愈,像素图形
U5594,男,杭州,全职家长,历史考据,沙盒
U7575,男,广东,中学生,竞技对抗,日系RPG
U3152,男,西安,中学生,国风文化,剧情丰富
U2385,女,成都,职场新人,萌系治愈,2.5D游戏
U8223,女,上海,自由职业者,二次元,经营管理
U9940,女,上海,自由职业者,二次元,经营管理
U3613,女,北京,自由职业者,赛博朋克,电脑角色扮演
U9256,男,广东,职场新人,竞技对抗,2D游戏
U9230,男,广东,大学生,竞技对抗,日系RPG
U4573,隐私保密,杭州,全职家长,历史考据,沙盒
U5361,男,杭州,全职家长,历史考据,射击
U6494,男,广东,职场新人,竞技对抗,日系RPG
U3680,隐私保密,北京,资深极客,硬核技术,2.5D游戏
U8345,女,北京,自由职业者,硬核技术,恐怖
U8128,男,广东,资深极客,竞技对抗,2D游戏
U1138,女,成都,职场新人,萌系治愈,第一人称射击
U5234,女,北京,自由职业者,赛博朋克,电脑角色扮演
U7925,男,杭州,全职家长,历史考据,可爱
U4711,隐私保密,广东,职场新人,国风文化,合成工艺
U9748,女,上海,自由职业者,二次元,抢先体验
U1760,女,上海,职场新人,二次元,类魂
U4349,隐私保密,武汉,资深极客,竞技对抗,益智
U1865,女,北京,自由职业者,赛博朋克,开放世界
U3981,男,杭州,全职家长,历史考据,可爱
U7583,男,西安,中学生,国风文化,益智
U4365,女,杭州,全职家长,历史考据,射击
U4101,女,上海,中学生,二次元,角色扮演
U6721,女,上海,自由职业者,二次元,抢先体验
U2653,隐私保密,武汉,中学生,萌系治愈,自动化
U1245,隐私保密,西安,中学生,国风文化,合成工艺
U9334,女,北京,自由职业者,赛博朋克,战争
U3493,女,武汉,职场新人,萌系治愈,2.5D游戏
U5897,隐私保密,北京,中学生,历史考据,益智
U7638,男,武汉,资深极客,硬核技术,冒险
U3013,女,上海,大学生,二次元,抢先体验
U4529,女,北京,资深极客,竞技对抗,奇幻
U2391,女,上海,职场新人,萌系治愈,2.5D游戏
U9737,女,杭州,职场新人,萌系治愈,2.5D游戏
U7143,男,杭州,资深极客,赛博朋克,经营管理
U2512,男,杭州,全职家长,历史考据,视觉小说
U8186,女,武汉,资深极客,硬核技术,奇幻
U2837,隐私保密,西安,中学生,国风文化,生存
U3950,女,杭州,职场新人,萌系治愈,战斗
U5371,女,上海,职场新人,二次元,经营管理
U4295,男,杭州,资深极客,硬核技术,模拟
U1679,隐私保密,杭州,大学生,赛博朋克,像素图形
U8098,男,广东,资深极客,竞技对抗,日系RPG
U6717,女,上海,职场新人,二次元,经营管理
U6704,女,成都,自由职业者,竞技对抗,2.5D游戏
U4441,女,上海,职场新人,萌系治愈,恐怖
U9099,隐私保密,西安,中学生,国风文化,生存
U9136,女,上海,职场新人,萌系治愈,第一人称射击
U2739,隐私保密,杭州,大学生,历史考据,剧情丰富
U2896,男,北京,自由职业者,国风文化,生存
U3205,男,武汉,资深极客,硬核技术,冒险
U1604,男,广东,中学生,竞技对抗,奇幻
U5811,男,上海,资深极客,硬核技术,冒险
U6621,女,杭州,职场新人,萌系治愈,战斗
U2649,女,北京,职场新人,萌系治愈,像素图形
U6587,女,上海,全职家长,二次元,类魂
U9823,隐私保密,北京,自由职业者,赛博朋克,成人内容
U1956,男,北京,自由职业者,赛博朋克,写实
U7111,隐私保密,杭州,全职家长,历史考据,射击
U1832,女,西安,中学生,国风文化,平台动作
U1762,男,广东,自由职业者,竞技对抗,卡牌游戏
U7066,女,上海,职场新人,萌系治愈,战斗
U3149,女,上海,全职家长,竞技对抗,策略
U2559,男,北京,自由职业者,赛博朋克,回合制
U7949,男,广东,中学生,竞技对抗,奇幻
U6859,男,武汉,资深极客,硬核技术,冒险
U4369,男,广东,大学生,竞技对抗,体育
U9570,女,成都,职场新人,萌系治愈,恐怖
U7048,女,北京,职场新人,萌系治愈,像素图形
U9452,女,西安,中学生,国风文化,剧情丰富
U7549,男,北京,资深极客,硬核技术,自动化
U7903,男,广东,资深极客,硬核技术,冒险
U7335,女,北京,职场新人,萌系治愈,像素图形
U7143,女,北京,自由职业者,赛博朋克,战争
U2301,男,杭州,资深极客,硬核技术,冒险
U2811,男,北京,资深极客,硬核技术,自动化
U2055,女,上海,大学生,二次元,经营管理
U4645,女,北京,职场新人,萌系治愈,恐怖
U6178,男,北京,中学生,赛博朋克,战术
U2939,男,成都,大学生,赛博朋克,回合制
U8243,女,西安,中学生,国风文化,生存
U6244,女,武汉,自由职业者,萌系治愈,类魂
U3774,男,广东,资深极客,竞技对抗,日系RPG
U1952,男,北京,自由职业者,赛博朋克,电脑角色扮演
U9805,女,西安,中学生,国风文化,生存
U7379,隐私保密,北京,自由职业者,赛博朋克,电脑角色扮演
U6862,男,广东,全职家长,竞技对抗,奇幻
U2320,女,北京,资深极客,硬核技术,模拟
U6128,女,西安,职场新人,萌系治愈,像素图形
U3435,女,广东,职场新人,萌系治愈,战斗
U8734,隐私保密,杭州,全职家长,历史考据,视觉小说
U5769,男,杭州,大学生,历史考据,战争
U1827,女,上海,职场新人,二次元,类魂
U2701,男,武汉,资深极客,硬核技术,驾驶
U1145,隐私保密,上海,全职家长,萌系治愈,益智
U7891,女,上海,全职家长,二次元,类魂
U3979,女,上海,职场新人,二次元,类魂
U9644,男,广东,大学生,竞技对抗,卡牌游戏
U1256,女,北京,自由职业者,赛博朋克,写实
U6839,女,西安,中学生,国风文化,剧情丰富
U6692,女,杭州,全职家长,历史考据,可爱
U5586,女,北京,自由职业者,赛博朋克,回合制
U7233,男,西安,中学生,国风文化,合成工艺
U3642,女,杭州,全职家长,历史考据,射击
U8903,女,上海,大学生,二次元,多人在线联机
U1197,女,上海,大学生,二次元,经营管理
U1043,男,武汉,资深极客,硬核技术,格斗
U8313,女,成都,职场新人,萌系治愈,第一人称射击
U4294,男,西安,中学生,国风文化,合成工艺
U8962,隐私保密,杭州,全职家长,历史考据,沙盒
U5003,隐私保密,西安,中学生,国风文化,生存
U3615,隐私保密,西安,中学生,国风文化,生存
U9862,男,广东,大学生,竞技对抗,2D游戏
U3649,男,西安,中学生,国风文化,平台动作
U6712,男,广东,大学生,竞技对抗,奇幻
U9477,男,广东,自由职业者,竞技对抗,体育
U5576,女,北京,自由职业者,赛博朋克,回合制
U6051,男,北京,自由职业者,赛博朋克,战争
U1362,男,西安,资深极客,硬核技术,自动化
U2419,隐私保密,成都,全职家长,二次元,益智
U3158,男,北京,资深极客,竞技对抗,射击
U4191,男,西安,中学生,国风文化,平台动作
U4483,男,广东,大学生,竞技对抗,策略
U2284,女,杭州,全职家长,历史考据,视觉小说
U4089,男,北京,自由职业者,赛博朋克,电脑角色扮演
U9328,女,上海,中学生,二次元,建造
U8706,男,北京,自由职业者,赛博朋克,成人内容
U9468,女,上海,中学生,二次元,建造
U8732,女,成都,自由职业者,历史考据,回合制
U4859,男,杭州,资深极客,硬核技术,驾驶
U3635,男,杭州,全职家长,历史考据,动漫
U2320,男,西安,中学生,硬核技术,恐怖
U4661,男,西安,中学生,竞技对抗,剧情丰富
U3137,隐私保密,西安,全职家长,赛博朋克,驾驶
U6581,隐私保密,武汉,大学生,竞技对抗,平台动作
U5555,男,北京,资深极客,硬核技术,格斗
U4557,男,西安,资深极客,硬核技术,肉鸽(Roguelike)
U4161,隐私保密,广东,职场新人,国风文化,冒险
U3654,隐私保密,武汉,职场新人,二次元,多人在线联机
U2095,隐私保密,广东,资深极客,赛博朋克,奇幻
U4936,男,广东,职场新人,竞技对抗,策略
U2540,女,北京,自由职业者,赛博朋克,写实
U3655,男,广东,职场新人,竞技对抗,日系RPG
U4944,男,杭州,资深极客,硬核技术,驾驶
U8482,女,北京,自由职业者,赛博朋克,电脑角色扮演
U1155,男,广东,自由职业者,竞技对抗,日系RPG
U1705,女,武汉,自由职业者,竞技对抗,战斗
U5645,女,上海,自由职业者,二次元,多人在线联机
U1879,男,广东,中学生,竞技对抗,策略
U7202,女,西安,中学生,国风文化,益智
U2744,女,西安,中学生,国风文化,生存
U6664,女,北京,自由职业者,赛博朋克,写实
U3707,女,北京,职场新人,萌系治愈,潜行
U3083,男,西安,资深极客,赛博朋克,卡牌游戏
U9781,男,杭州,资深极客,硬核技术,肉鸽(Roguelike)
U8104,隐私保密,北京,自由职业者,国风文化,2D游戏
U3904,隐私保密,北京,自由职业者,赛博朋克,写实
U9311,隐私保密,杭州,全职家长,历史考据,射击
U6427,女,成都,职场新人,萌系治愈,2.5D游戏
U8178,女,西安,职场新人,萌系治愈,像素图形
U1676,隐私保密,北京,自由职业者,赛博朋克,电脑角色扮演
U7440,女,北京,职场新人,萌系治愈,战斗
U3354,男,杭州,自由职业者,赛博朋克,合成工艺
U2386,男,北京,自由职业者,赛博朋克,成人内容
U8243,男,武汉,中学生,硬核技术,生存
U1783,男,杭州,全职家长,历史考据,可爱
U8609,男,西安,资深极客,硬核技术,格斗
U7215,隐私保密,北京,自由职业者,赛博朋克,回合制
U2220,女,武汉,职场新人,竞技对抗,奇幻
U6262,女,上海,大学生,硬核技术,沙盒
U7281,男,西安,中学生,国风文化,合成工艺
U9599,男,广东,自由职业者,竞技对抗,卡牌游戏
U9331,女,北京,自由职业者,赛博朋克,写实
U9297,男,广东,中学生,竞技对抗,体育
U1274,男,西安,中学生,国风文化,合成工艺
U9210,男,成都,全职家长,萌系治愈,冒险
U9460,男,广东,资深极客,硬核技术,肉鸽(Roguelike)
U1254,男,武汉,职场新人,竞技对抗,角色扮演
U6115,男,武汉,资深极客,硬核技术,自动化
U2981,隐私保密,北京,资深极客,赛博朋克,写实
U1439,女,武汉,职场新人,萌系治愈,恐怖
U3792,隐私保密,杭州,全职家长,历史考据,射击
U1340,女,西安,职场新人,萌系治愈,像素图形
U9960,女,上海,资深极客,二次元,多人在线联机
U1385,男,北京,自由职业者,赛博朋克,写实
U4279,隐私保密,广东,全职家长,竞技对抗,战争
U3813,男,广东,全职家长,竞技对抗,奇幻
U6568,男,西安,中学生,国风文化,益智
U1483,男,上海,自由职业者,国风文化,第一人称射击
U3568,隐私保密,北京,自由职业者,赛博朋克,战争
U6213,女,广东,职场新人,萌系治愈,像素图形
U7633,隐私保密,北京,自由职业者,赛博朋克,电脑角色扮演
U5003,女,西安,职场新人,萌系治愈,潜行
U9368,男,杭州,全职家长,历史考据,可爱
U5792,女,广东,职场新人,萌系治愈,2.5D游戏
U9982,男,广东,资深极客,硬核技术,冒险
U4359,隐私保密,北京,自由职业者,赛博朋克,成人内容
U3860,女,上海,资深极客,二次元,建造
U6425,男,西安,资深极客,硬核技术,肉鸽(Roguelike)
U1521,女,北京,自由职业者,历史考据,2D游戏
U3923,男,西安,中学生,国风文化,合成工艺
U3940,男,武汉,资深极客,硬核技术,冒险
U1586,女,杭州,全职家长,历史考据,动漫
U3857,男,杭州,全职家长,历史考据,沙盒
U5870,男,广东,资深极客,硬核技术,冒险
U6168,女,上海,大学生,二次元,角色扮演
U7352,女,成都,职场新人,萌系治愈,第一人称射击
U5204,女,上海,职场新人,赛博朋克,冒险
U7505,女,上海,资深极客,国风文化,恐怖
U9090,男,广东,资深极客,硬核技术,冒险
U3570,女,上海,全职家长,二次元,角色扮演
U1652,女,上海,资深极客,二次元,抢先体验
U4830,隐私保密,北京,自由职业者,赛博朋克,成人内容
U8789,男,广东,自由职业者,竞技对抗,卡牌游戏
U8135,男,广东,资深极客,赛博朋克,建造
U2441,隐私保密,北京,中学生,赛博朋克,成人内容
U5740,男,广东,职场新人,赛博朋克,奇幻
U5236,女,杭州,全职家长,历史考据,射击
U1881,男,上海,资深极客,硬核技术,自动化
U6220,男,广东,中学生,竞技对抗,2D游戏
U1645,女,广东,中学生,硬核技术,模拟
U5496,男,成都,资深极客,硬核技术,格斗
U9040,女,杭州,自由职业者,二次元,抢先体验
U6694,男,西安,中学生,国风文化,战术
U8091,女,广东,大学生,萌系治愈,动作
U8919,女,上海,全职家长,二次元,角色扮演
U2678,男,武汉,职场新人,历史考据,像素图形
U7305,男,广东,自由职业者,竞技对抗,卡牌游戏
U8783,隐私保密,北京,自由职业者,赛博朋克,成人内容
U5984,女,上海,资深极客,二次元,类魂
U8676,隐私保密,西安,中学生,国风文化,平台动作
U5547,女,上海,职场新人,萌系治愈,像素图形
U9165,女,上海,职场新人,二次元,多人在线联机
U7491,男,广东,资深极客,竞技对抗,卡牌游戏
U8451,隐私保密,上海,大学生,国风文化,战斗
U7517,男,广东,职场新人,竞技对抗,日系RPG
U9821,男,杭州,全职家长,历史考据,视觉小说
U8232,女,上海,全职家长,二次元,抢先体验
U8553,男,广东,大学生,竞技对抗,2D游戏
U4155,女,成都,职场新人,萌系治愈,潜行
U8794,男,广东,资深极客,硬核技术,模拟
U2317,女,上海,资深极客,二次元,经营管理
U1525,男,杭州,全职家长,历史考据,沙盒
U3164,女,上海,职场新人,萌系治愈,战斗
U1177,男,北京,资深极客,硬核技术,模拟
U6567,男,北京,自由职业者,赛博朋克,电脑角色扮演
U1301,隐私保密,杭州,全职家长,历史考据,可爱
U3400,男,杭州,全职家长,硬核技术,益智
U2870,男,广东,自由职业者,竞技对抗,卡牌游戏
U3148,隐私保密,武汉,职场新人,萌系治愈,建造
U7108,隐私保密,北京,自由职业者,国风文化,策略
U3860,男,北京,自由职业者,赛博朋克,回合制
U1013,女,北京,全职家长,硬核技术,益智
U1832,男,西安,自由职业者,竞技对抗,冒险
U2916,男,西安,资深极客,硬核技术,冒险
U2813,男,武汉,资深极客,硬核技术,自动化
U4177,男,西安,中学生,国风文化,剧情丰富
U3168,女,上海,大学生,二次元,建造
U4583,隐私保密,上海,自由职业者,二次元,动作
U5887,女,上海,职场新人,二次元,多人在线联机
U9241,女,北京,职场新人,萌系治愈,恐怖
U6901,隐私保密,西安,中学生,国风文化,平台动作
U5383,女,上海,资深极客,二次元,建造
U7110,隐私保密,西安,中学生,国风文化,战术
U2211,女,上海,全职家长,二次元,经营管理
U1955,女,上海,大学生,二次元,抢先体验
U7602,男,广东,职场新人,竞技对抗,日系RPG
U1873,男,上海,职场新人,赛博朋克,日系RPG
U2294,男,杭州,全职家长,历史考据,动作
U6840,男,北京,资深极客,硬核技术,冒险
U1105,男,西安,中学生,国风文化,平台动作
U7217,男,北京,自由职业者,赛博朋克,写实
U2793,隐私保密,北京,自由职业者,赛博朋克,战争
U1693,男,杭州,全职家长,历史考据,动作
U5091,女,上海,资深极客,萌系治愈,写实
U6099,隐私保密,北京,职场新人,二次元,沙盒
U8879,女,成都,自由职业者,历史考据,经营管理
U3574,女,杭州,全职家长,历史考据,视觉小说
U3272,女,上海,自由职业者,二次元,类魂
U6312,女,广东,职场新人,萌系治愈,2.5D游戏
U2780,女,西安,中学生,国风文化,战术
U7257,女,成都,职场新人,萌系治愈,战斗
U6008,女,西安,职场新人,萌系治愈,战斗
U3211,女,上海,职场新人,萌系治愈,像素图形
U6311,男,西安,中学生,国风文化,益智
U9482,隐私保密,北京,自由职业者,赛博朋克,开放世界
U2841,男,杭州,全职家长,历史考据,射击
U3244,男,北京,资深极客,竞技对抗,写实
U5895,男,杭州,全职家长,历史考据,动作
U2851,男,广东,职场新人,竞技对抗,卡牌游戏
U1393,女,上海,职场新人,萌系治愈,第一人称射击
U3527,女,广东,职场新人,萌系治愈,第一人称射击
U9454,男,北京,资深极客,硬核技术,模拟
U3362,隐私保密,北京,全职家长,赛博朋克,战争
U4944,隐私保密,杭州,全职家长,历史考据,视觉小说
U8451,男,广东,资深极客,竞技对抗,2D游戏
U7170,女,西安,中学生,国风文化,战术
U7449,女,广东,职场新人,萌系治愈,像素图形
U4806,女,上海,自由职业者,二次元,角色扮演
U7221,隐私保密,杭州,全职家长,历史考据,可爱
U1330,女,北京,自由职业者,赛博朋克,电脑角色扮演
U7288,女,上海,资深极客,二次元,多人在线联机
U9173,隐私保密,杭州,全职家长,历史考据,可爱
U5832,男,上海,资深极客,硬核技术,肉鸽(Roguelike)
U1664,女,西安,中学生,国风文化,生存
U6756,女,上海,大学生,二次元,多人在线联机
U5480,男,西安,中学生,国风文化,生存
U2607,女,上海,资深极客,二次元,类魂
U9409,男,北京,自由职业者,赛博朋克,电脑角色扮演
U5372,隐私保密,杭州,全职家长,历史考据,动漫
U3979,女,北京,资深极客,历史考据,抢先体验
U4764,男,西安,中学生,国风文化,益智
U3608,女,广东,资深极客,国风文化,冒险
U4685,女,北京,自由职业者,赛博朋克,写实
U5701,女,西安,中学生,国风文化,合成工艺
U2630,男,广东,资深极客,硬核技术,格斗
U6700,女,上海,全职家长,二次元,建造
U3488,男,西安,大学生,竞技对抗,2.5D游戏
U3210,男,西安,中学生,国风文化,平台动作
U4570,隐私保密,西安,自由职业者,二次元,策略
U6474,男,北京,资深极客,硬核技术,冒险
U8457,女,上海,职场新人,萌系治愈,第一人称射击
U7249,男,武汉,资深极客,硬核技术,冒险
U4513,女,上海,职场新人,二次元,抢先体验
U7794,女,北京,自由职业者,赛博朋克,开放世界
U2277,男,广东,资深极客,硬核技术,格斗
U9112,男,北京,资深极客,硬核技术,冒险
U8707,男,广东,全职家长,竞技对抗,日系RPG
U9948,隐私保密,成都,大学生,萌系治愈,经营管理
U4577,男,广东,职场新人,竞技对抗,卡牌游戏
U3248,男,北京,自由职业者,赛博朋克,回合制
U2484,女,西安,中学生,国风文化,生存
U7580,女,武汉,资深极客,赛博朋克,平台动作
U1739,女,广东,职场新人,萌系治愈,恐怖
U3598,男,北京,自由职业者,赛博朋克,回合制
U2386,女,西安,职场新人,萌系治愈,2.5D游戏
U7005,女,北京,自由职业者,赛博朋克,电脑角色扮演
U2868,女,北京,自由职业者,赛博朋克,回合制
U9232,女,上海,职场新人,萌系治愈,2.5D游戏
U4877,女,上海,全职家长,二次元,角色扮演
U3594,女,广东,全职家长,二次元,2D游戏
U4995,男,广东,大学生,竞技对抗,日系RPG
U4697,隐私保密,杭州,全职家长,历史考据,沙盒
U9044,女,上海,全职家长,二次元,类魂
U2202,女,西安,中学生,国风文化,益智
U5851,女,成都,全职家长,硬核技术,视觉小说
U8707,女,西安,中学生,国风文化,平台动作
U4847,男,杭州,资深极客,硬核技术,格斗
U6315,男,北京,自由职业者,历史考据,电脑角色扮演
U8801,男,西安,中学生,国风文化,益智
U2920,隐私保密,杭州,全职家长,历史考据,视觉小说
U8843,男,广东,全职家长,硬核技术,模拟
U3501,男,广东,自由职业者,竞技对抗,体育
U9863,女,武汉,职场新人,萌系治愈,潜行
U3809,女,广东,职场新人,萌系治愈,像素图形
U3598,男,广东,资深极客,硬核技术,自动化
U6544,男,上海,资深极客,硬核技术,冒险
U6719,男,上海,大学生,二次元,回合制
U3514,女,上海,资深极客,二次元,经营管理
U9660,男,上海,资深极客,硬核技术,格斗
U9600,男,广东,自由职业者,竞技对抗,卡牌游戏
U6612,隐私保密,西安,中学生,国风文化,平台动作
U5092,女,西安,中学生,国风文化,合成工艺
U6777,男,上海,资深极客,二次元,平台动作
U1448,男,西安,资深极客,硬核技术,模拟
U4283,男,北京,自由职业者,赛博朋克,开放世界
U8748,男,上海,职场新人,竞技对抗,恐怖
U8976,隐私保密,北京,自由职业者,赛博朋克,战争
U8763,女,北京,职场新人,萌系治愈,战斗
U6482,隐私保密,成都,职场新人,赛博朋克,恐怖
U2403,男,广东,资深极客,硬核技术,肉鸽(Roguelike)
U3010,女,上海,自由职业者,二次元,角色扮演
U9080,女,杭州,职场新人,硬核技术,开放世界
U7162,男,杭州,资深极客,硬核技术,自动化
U2667,男,西安,中学生,国风文化,平台动作
U4004,男,武汉,资深极客,硬核技术,肉鸽(Roguelike)
U7054,隐私保密,西安,中学生,国风文化,平台动作
U8570,隐私保密,杭州,全职家长,赛博朋克,自动化
U6333,男,西安,中学生,国风文化,战术
U3981,女,成都,职场新人,萌系治愈,2.5D游戏
U8106,女,成都,职场新人,历史考据,开放世界
U5576,女,广东,大学生,二次元,战争
U1301,男,广东,大学生,竞技对抗,2D游戏
U9299,隐私保密,西安,中学生,国风文化,战术
U5046,女,武汉,职场新人,萌系治愈,恐怖
U5418,男,广东,职场新人,竞技对抗,奇幻
U3639,女,广东,自由职业者,二次元,战斗
U1820,女,杭州,全职家长,历史考据,射击
U4853,男,武汉,资深极客,硬核技术,冒险
U7718,隐私保密,上海,中学生,二次元,角色扮演
U6574,隐私保密,北京,全职家长,二次元,剧情丰富
U3074,隐私保密,西安,中学生,国风文化,平台动作
U5470,男,西安,资深极客,硬核技术,肉鸽(Roguelike)
U5685,男,北京,资深极客,硬核技术,肉鸽(Roguelike)
U2642,女,上海,资深极客,二次元,类魂
U7218,隐私保密,杭州,全职家长,历史考据,可爱
U7556,女,北京,自由职业者,赛博朋克,成人内容
U9222,隐私保密,西安,中学生,国风文化,合成工艺
U5087,男,广东,中学生,竞技对抗,策略
U8188,女,北京,职场新人,萌系治愈,2.5D游戏
U3572,男,成都,自由职业者,历史考据,2D游戏
U9935,男,杭州,全职家长,历史考据,可爱
U6638,隐私保密,西安,中学生,国风文化,生存
U9094,女,上海,自由职业者,二次元,类魂
U7038,男,杭州,资深极客,硬核技术,冒险
U2602,女,北京,职场新人,萌系治愈,潜行
U4135,女,杭州,全职家长,历史考据,沙盒
U4766,女,上海,资深极客,二次元,经营管理
U1274,男,北京,资深极客,硬核技术,驾驶
U9150,隐私保密,杭州,全职家长,历史考据,视觉小说
U2369,女,西安,中学生,国风文化,合成工艺
U6953,女,成都,职场新人,萌系治愈,第一人称射击
U9251,男,北京,职场新人,萌系治愈,策略
U9604,女,武汉,职场新人,竞技对抗,格斗
U6894,男,广东,全职家长,赛博朋克,射击
U1938,男,广东,资深极客,硬核技术,模拟
U1357,男,杭州,全职家长,历史考据,动漫
U4326,男,西安,资深极客,硬核技术,自动化
U2198,男,北京,自由职业者,赛博朋克,电脑角色扮演
U4379,女,武汉,大学生,硬核技术,战争
U7512,男,杭州,全职家长,历史考据,可爱
U3515,隐私保密,杭州,全职家长,历史考据,动作
U2149,女,杭州,全职家长,历史考据,视觉小说
U4142,男,武汉,全职家长,赛博朋克,生存
U9783,男,北京,自由职业者,赛博朋克,电脑角色扮演
U6076,女,西安,中学生,国风文化,生存
U6227,男,北京,自由职业者,赛博朋克,开放世界
U6119,男,杭州,全职家长,历史考据,动作
U4013,男,广东,中学生,竞技对抗,2D游戏
U8053,女,武汉,职场新人,萌系治愈,像素图形
U7282,男,上海,资深极客,硬核技术,模拟
U5593,隐私保密,杭州,全职家长,历史考据,沙盒
U5259,女,杭州,中学生,国风文化,自动化
U6403,男,广东,自由职业者,竞技对抗,卡牌游戏
U5892,隐私保密,杭州,中学生,历史考据,抢先体验
U3266,男,广东,职场新人,竞技对抗,奇幻
U4148,隐私保密,上海,职场新人,二次元,驾驶
U9760,男,广东,职场新人,竞技对抗,2D游戏
U8304,女,杭州,全职家长,历史考据,射击
U5325,女,上海,职场新人,二次元,建造
U2477,男,上海,资深极客,硬核技术,模拟
U4214,女,西安,中学生,国风文化,平台动作
U6071,男,杭州,资深极客,硬核技术,格斗
U4256,女,上海,职场新人,二次元,类魂
U4444,女,成都,职场新人,萌系治愈,2.5D游戏
U7573,男,武汉,资深极客,硬核技术,自动化
U3652,女,武汉,职场新人,萌系治愈,2.5D游戏
U3539,女,上海,资深极客,二次元,经营管理
U1050,女,上海,职场新人,二次元,经营管理
U9222,女,西安,职场新人,萌系治愈,第一人称射击
U5551,隐私保密,杭州,全职家长,历史考据,射击
U3342,女,武汉,职场新人,萌系治愈,战斗
U7657,男,上海,资深极客,硬核技术,冒险
U7633,男,西安,中学生,国风文化,战术
U7797,女,西安,职场新人,萌系治愈,像素图形
U8569,男,杭州,资深极客,硬核技术,模拟
U5214,男,西安,资深极客,硬核技术,格斗
U3348,隐私保密,成都,全职家长,竞技对抗,成人内容
U6103,女,上海,大学生,硬核技术,日系RPG
U9530,女,北京,自由职业者,赛博朋克,写实
U7303,男,西安,中学生,国风文化,战术
U4257,男,杭州,全职家长,历史考据,沙盒
U2795,女,上海,职场新人,萌系治愈,2.5D游戏
U5378,隐私保密,西安,中学生,国风文化,战术
U9791,女,北京,自由职业者,赛博朋克,电脑角色扮演
U2571,女,上海,中学生,二次元,类魂
U9211,隐私保密,西安,职场新人,二次元,2.5D游戏
U6609,男,杭州,全职家长,萌系治愈,沙盒
U3633,女,上海,中学生,二次元,经营管理
U2267,男,广东,资深极客,硬核技术,冒险
U6288,男,广东,资深极客,硬核技术,自动化
U6998,男,广东,资深极客,硬核技术,冒险
U5726,女,上海,大学生,二次元,类魂
U9513,隐私保密,西安,中学生,国风文化,益智
U3554,女,上海,职场新人,二次元,经营管理
U2053,女,成都,职场新人,萌系治愈,2.5D游戏
U9758,男,广东,大学生,竞技对抗,日系RPG
U7344,男,北京,自由职业者,赛博朋克,回合制
U4032,男,北京,自由职业者,赛博朋克,回合制
U3199,隐私保密,武汉,资深极客,二次元,剧情丰富
U1709,男,广东,资深极客,竞技对抗,奇幻
U9622,女,成都,自由职业者,国风文化,建造
U8308,女,北京,职场新人,萌系治愈,第一人称射击
U5903,隐私保密,西安,中学生,国风文化,剧情丰富
U3850,女,北京,职场新人,萌系治愈,第一人称射击
U7536,男,杭州,资深极客,硬核技术,驾驶
U1990,男,广东,全职家长,二次元,像素图形
U6497,女,上海,职场新人,二次元,类魂
U4757,女,上海,资深极客,国风文化,平台动作
U2912,女,北京,职场新人,萌系治愈,潜行
U7331,男,广东,资深极客,竞技对抗,策略
U5801,女,上海,全职家长,二次元,类魂
U3409,女,西安,中学生,国风文化,生存
U9348,隐私保密,杭州,全职家长,历史考据,沙盒
U4034,男,广东,中学生,竞技对抗,策略
U2862,女,杭州,全职家长,历史考据,沙盒
U1568,男,广东,大学生,竞技对抗,策略
U9470,男,广东,资深极客,竞技对抗,日系RPG
U6965,女,上海,自由职业者,二次元,角色扮演
U8469,男,广东,资深极客,硬核技术,自动化
U1536,男,北京,资深极客,硬核技术,驾驶
U1746,女,上海,职场新人,萌系治愈,第一人称射击
U3970,隐私保密,成都,职场新人,历史考据,生存
U6502,男,广东,资深极客,硬核技术,模拟
U6535,男,广东,职场新人,竞技对抗,奇幻
U8101,隐私保密,北京,自由职业者,赛博朋克,开放世界
U9593,女,上海,全职家长,二次元,建造
U5574,女,上海,大学生,二次元,角色扮演
U4857,男,广东,资深极客,硬核技术,驾驶
U1964,隐私保密,广东,中学生,竞技对抗,沙盒
U5778,隐私保密,成都,资深极客,萌系治愈,经营管理
U4202,男,广东,职场新人,竞技对抗,卡牌游戏
U8683,男,杭州,全职家长,历史考据,动作
U4436,女,武汉,资深极客,历史考据,电脑角色扮演
U1768,隐私保密,杭州,全职家长,历史考据,动漫
U8135,女,上海,职场新人,二次元,多人在线联机
U6871,隐私保密,上海,中学生,萌系治愈,建造
U5171,男,武汉,资深极客,硬核技术,模拟
U9011,男,广东,资深极客,硬核技术,驾驶
U3694,男,广东,职场新人,竞技对抗,卡牌游戏
U5057,男,广东,职场新人,竞技对抗,卡牌游戏
U1088,男,武汉,资深极客,硬核技术,驾驶
U9862,男,武汉,全职家长,竞技对抗,抢先体验
U2755,隐私保密,北京,职场新人,赛博朋克,潜行
U2344,隐私保密,杭州,全职家长,历史考据,动漫
U2107,女,上海,自由职业者,二次元,角色扮演
U5332,女,上海,全职家长,二次元,经营管理
U8069,男,成都,大学生,竞技对抗,策略
U5935,隐私保密,成都,资深极客,竞技对抗,2.5D游戏
U2861,男,广东,自由职业者,竞技对抗,2D游戏
U5641,男,广东,自由职业者,竞技对抗,奇幻
U5724,男,上海,资深极客,硬核技术,肉鸽(Roguelike)
U8658,隐私保密,成都,全职家长,二次元,冒险
U9593,隐私保密,西安,中学生,赛博朋克,可爱
U2211,男,北京,资深极客,硬核技术,冒险
U8091,男,北京,资深极客,硬核技术,肉鸽(Roguelike)
U5224,隐私保密,西安,中学生,国风文化,战术
U2070,男,广东,全职家长,竞技对抗,2D游戏
U5147,男,西安,职场新人,萌系治愈,策略
U8092,女,上海,中学生,二次元,类魂
U6936,隐私保密,武汉,资深极客,赛博朋克,自动化
U2125,隐私保密,北京,大学生,硬核技术,战斗
U9380,隐私保密,西安,中学生,国风文化,生存
U9553,男,广东,大学生,竞技对抗,策略
U1919,男,西安,中学生,国风文化,剧情丰富
U3894,男,武汉,资深极客,萌系治愈,剧情丰富
U1386,男,武汉,职场新人,历史考据,平台动作
U1411,女,西安,职场新人,萌系治愈,潜行
U9643,隐私保密,西安,中学生,国风文化,合成工艺
U3635,男,西安,中学生,国风文化,生存
U6594,男,北京,自由职业者,赛博朋克,战争
U3029,隐私保密,西安,中学生,国风文化,合成工艺
U7329,隐私保密,北京,自由职业者,国风文化,动作
U6106,男,上海,大学生,竞技对抗,沙盒
U7936,隐私保密,西安,资深极客,赛博朋克,日系RPG
U3477,女,杭州,全职家长,历史考据,沙盒
U4602,男,广东,中学生,竞技对抗,策略
U3637,男,西安,资深极客,硬核技术,冒险
U6860,女,上海,职场新人,二次元,角色扮演
U5879,女,西安,中学生,国风文化,合成工艺
U6997,男,上海,资深极客,硬核技术,驾驶
U9459,女,北京,自由职业者,赛博朋克,回合制
U3281,女,杭州,职场新人,萌系治愈,2.5D游戏
U8070,男,北京,资深极客,历史考据,像素图形
U7485,男,广东,职场新人,竞技对抗,角色扮演
U1197,男,广东,资深极客,竞技对抗,奇幻
U3417,隐私保密,杭州,全职家长,历史考据,沙盒
U2741,女,西安,职场新人,萌系治愈,恐怖
U7700,女,广东,职场新人,萌系治愈,第一人称射击
U2084,男,广东,自由职业者,竞技对抗,2D游戏
U1022,女,上海,资深极客,二次元,类魂
U1432,男,北京,自由职业者,赛博朋克,战争
U8616,隐私保密,北京,自由职业者,赛博朋克,成人内容
U5137,女,西安,中学生,国风文化,生存
U2318,隐私保密,北京,自由职业者,赛博朋克,写实
U4043,男,广东,自由职业者,竞技对抗,策略
U1493,隐私保密,上海,职场新人,萌系治愈,冒险
U3562,男,广东,大学生,竞技对抗,体育
U1505,男,成都,资深极客,硬核技术,肉鸽(Roguelike)
U6788,隐私保密,北京,自由职业者,赛博朋克,电脑角色扮演
U7574,隐私保密,西安,中学生,国风文化,合成工艺
U3671,男,广东,资深极客,竞技对抗,2D游戏
U7839,男,广东,职场新人,竞技对抗,日系RPG
U6550,女,上海,职场新人,二次元,经营管理
U8264,男,广东,中学生,竞技对抗,卡牌游戏
U8324,女,西安,中学生,国风文化,合成工艺
U7372,女,上海,全职家长,二次元,经营管理
U2747,女,北京,自由职业者,赛博朋克,成人内容
U8038,男,北京,资深极客,硬核技术,驾驶
U9682,女,成都,自由职业者,萌系治愈,卡牌游戏
U9067,女,上海,全职家长,二次元,抢先体验
U2545,隐私保密,杭州,全职家长,历史考据,动作
U2672,女,西安,职场新人,萌系治愈,战斗
U6537,男,广东,中学生,竞技对抗,体育
U4099,男,广东,资深极客,硬核技术,自动化
U9946,女,北京,自由职业者,赛博朋克,成人内容
U8176,女,杭州,职场新人,萌系治愈,第一人称射击
U3701,隐私保密,北京,自由职业者,赛博朋克,开放世界
U5033,女,西安,中学生,国风文化,战术
U9013,男,杭州,全职家长,历史考据,动作
U7005,男,西安,资深极客,硬核技术,自动化
U9010,男,西安,中学生,国风文化,剧情丰富
U7898,女,杭州,全职家长,历史考据,射击
U3397,隐私保密,北京,自由职业者,赛博朋克,成人内容
U5991,男,北京,资深极客,硬核技术,驾驶
U9147,男,成都,资深极客,硬核技术,肉鸽(Roguelike)
U3897,女,杭州,全职家长,历史考据,可爱
U6148,女,北京,自由职业者,赛博朋克,回合制
U1245,女,西安,职场新人,萌系治愈,战斗
U2804,男,西安,中学生,国风文化,生存
U4058,男,北京,自由职业者,赛博朋克,电脑角色扮演
U9502,男,北京,自由职业者,赛博朋克,写实
U9482,男,杭州,全职家长,历史考据,沙盒
U8887,男,杭州,全职家长,历史考据,可爱
U7570,女,杭州,职场新人,萌系治愈,2.5D游戏
U8936,隐私保密,西安,中学生,国风文化,合成工艺
U7264,女,上海,职场新人,二次元,多人在线联机
U2863,女,西安,职场新人,萌系治愈,战斗
U7577,女,杭州,全职家长,竞技对抗,剧情丰富
U8096,女,杭州,全职家长,历史考据,动作
U7034,男,广东,资深极客,竞技对抗,体育
U4071,男,广东,资深极客,硬核技术,肉鸽(Roguelike)
U6777,男,广东,全职家长,竞技对抗,奇幻
U3268,女,成都,职场新人,萌系治愈,潜行
U2772,男,北京,自由职业者,赛博朋克,战争
U6991,女,北京,自由职业者,赛博朋克,开放世界
U8968,女,成都,全职家长,国风文化,格斗
U2619,隐私保密,西安,中学生,国风文化,益智
U5673,隐私保密,上海,自由职业者,二次元,写实
U5462,女,广东,职场新人,萌系治愈,2.5D游戏
U7087,男,广东,职场新人,竞技对抗,策略
U9444,女,北京,自由职业者,赛博朋克,回合制
U1845,女,杭州,职场新人,萌系治愈,潜行
U6337,隐私保密,成都,全职家长,竞技对抗,益智
U5614,隐私保密,西安,中学生,国风文化,合成工艺
U1060,女,武汉,职场新人,萌系治愈,第一人称射击
U5852,男,北京,资深极客,硬核技术,格斗
U5744,男,北京,自由职业者,赛博朋克,成人内容
U2336,男,杭州,资深极客,硬核技术,自动化
U1664,男,广东,中学生,竞技对抗,卡牌游戏
U5292,男,广东,自由职业者,竞技对抗,策略
U9314,女,广东,职场新人,萌系治愈,第一人称射击
U4559,女,西安,中学生,国风文化,剧情丰富
U3555,隐私保密,广东,职场新人,二次元,恐怖
U5717,隐私保密,西安,中学生,国风文化,益智
U8002,男,北京,自由职业者,赛博朋克,战争
U3638,女,上海,中学生,二次元,经营管理
U5107,女,上海,中学生,萌系治愈,2D游戏
U4844,女,西安,资深极客,历史考据,日系RPG
U5350,女,武汉,职场新人,萌系治愈,像素图形
U7969,女,成都,职场新人,萌系治愈,战斗
U6070,女,杭州,职场新人,萌系治愈,战斗
U5938,男,广东,全职家长,竞技对抗,日系RPG
U4552,隐私保密,杭州,全职家长,历史考据,可爱
U9708,隐私保密,北京,自由职业者,赛博朋克,写实
U4008,男,北京,职场新人,竞技对抗,角色扮演
U7943,女,杭州,全职家长,历史考据,动漫
U1106,男,杭州,资深极客,硬核技术,模拟
U2060,男,成都,资深极客,硬核技术,格斗
U5921,男,西安,资深极客,历史考据,潜行
U5165,女,上海,中学生,二次元,类魂
U1085,男,上海,资深极客,硬核技术,自动化
U5369,女,上海,自由职业者,竞技对抗,潜行
U6228,女,上海,中学生,二次元,类魂
U1464,男,杭州,资深极客,硬核技术,肉鸽(Roguelike)
U8880,男,广东,自由职业者,竞技对抗,策略
U9594,女,广东,大学生,历史考据,体育
U6019,隐私保密,北京,自由职业者,国风文化,开放世界
U5842,女,上海,自由职业者,二次元,角色扮演
U6133,女,杭州,全职家长,历史考据,可爱
U9104,女,广东,职场新人,萌系治愈,恐怖
U4040,隐私保密,杭州,全职家长,历史考据,视觉小说
U7945,男,西安,中学生,国风文化,合成工艺
U3853,男,北京,资深极客,硬核技术,冒险
U5609,男,广东,全职家长,二次元,可爱
U7107,女,上海,大学生,二次元,经营管理
U9016,男,西安,中学生,国风文化,益智
U9868,女,武汉,大学生,竞技对抗,沙盒
U2111,隐私保密,北京,中学生,国风文化,冒险
U1921,男,上海,资深极客,硬核技术,自动化
U7635,男,杭州,全职家长,历史考据,沙盒
U3632,男,西安,自由职业者,竞技对抗,经营管理
U8165,男,广东,大学生,竞技对抗,卡牌游戏
U5913,女,西安,中学生,国风文化,益智
U9198,女,广东,全职家长,竞技对抗,2.5D游戏
U8721,女,西安,中学生,国风文化,合成工艺
U8634,女,武汉,职场新人,萌系治愈,战斗
U7996,男,上海,资深极客,硬核技术,冒险
U7114,女,西安,职场新人,萌系治愈,像素图形
U2332,隐私保密,北京,职场新人,历史考据,经营管理
U8480,女,上海,职场新人,萌系治愈,第一人称射击
U7813,男,北京,自由职业者,赛博朋克,回合制
U3115,女,上海,全职家长,二次元,建造
U7453,男,西安,资深极客,硬核技术,肉鸽(Roguelike)
U3022,隐私保密,杭州,资深极客,萌系治愈,益智
U5833,男,成都,全职家长,萌系治愈,策略
U8062,男,武汉,自由职业者,赛博朋克,电脑角色扮演
U2347,隐私保密,杭州,全职家长,历史考据,动漫
U2589,女,上海,中学生,二次元,经营管理
U9424,女,武汉,职场新人,萌系治愈,战斗
U1090,隐私保密,北京,全职家长,国风文化,电脑角色扮演
U9866,女,北京,职场新人,萌系治愈,2.5D游戏
U2410,隐私保密,成都,中学生,历史考据,平台动作
U2921,女,西安,中学生,国风文化,合成工艺
U4762,男,上海,资深极客,硬核技术,模拟
U3139,男,广东,职场新人,竞技对抗,2D游戏
U2041,男,广东,大学生,竞技对抗,策略
U6284,女,杭州,中学生,萌系治愈,策略
U2156,女,北京,自由职业者,赛博朋克,回合制
U3045,男,杭州,资深极客,硬核技术,模拟
U7829,女,上海,职场新人,二次元,类魂
U4383,女,上海,全职家长,二次元,角色扮演
U8978,隐私保密,北京,自由职业者,赛博朋克,写实
U7654,女,杭州,全职家长,历史考据,动作
U4088,隐私保密,北京,资深极客,竞技对抗,写实
U1676,女,上海,职场新人,二次元,抢先体验
U6252,女,上海,资深极客,二次元,建造
U3210,男,广东,中学生,竞技对抗,2D游戏
U1768,隐私保密,上海,全职家长,萌系治愈,肉鸽(Roguelike)
U2862,女,武汉,职场新人,萌系治愈,潜行
U1894,男,广东,全职家长,竞技对抗,策略
U6580,男,西安,中学生,国风文化,剧情丰富
U8424,隐私保密,杭州,全职家长,历史考据,视觉小说
U5281,女,西安,中学生,国风文化,平台动作
U3421,女,北京,职场新人,萌系治愈,潜行
U4226,男,广东,大学生,竞技对抗,策略
U6356,男,西安,中学生,赛博朋克,成人内容
U8236,男,广东,中学生,竞技对抗,奇幻
U6907,女,上海,全职家长,二次元,抢先体验
U9837,男,广东,大学生,竞技对抗,体育
U6069,女,上海,职场新人,二次元,角色扮演
U2979,女,北京,自由职业者,赛博朋克,开放世界
U2865,女,武汉,职场新人,萌系治愈,2.5D游戏
U2077,男,上海,资深极客,硬核技术,冒险
U4632,女,成都,职场新人,历史考据,模拟
U5857,隐私保密,西安,自由职业者,国风文化,战术
U9455,隐私保密,杭州,全职家长,历史考据,射击
U6006,女,上海,中学生,二次元,经营管理
U1692,隐私保密,西安,中学生,国风文化,平台动作
U9680,隐私保密,西安,中学生,国风文化,合成工艺
U4793,男,广东,自由职业者,竞技对抗,体育
U8271,女,上海,中学生,二次元,经营管理
U1083,隐私保密,西安,中学生,国风文化,平台动作
U8930,隐私保密,西安,中学生,国风文化,剧情丰富
U6954,女,西安,中学生,国风文化,战术
U2286,隐私保密,西安,中学生,国风文化,生存
U5425,隐私保密,上海,自由职业者,竞技对抗,益智
U1520,男,上海,资深极客,硬核技术,自动化
U6013,女,杭州,全职家长,历史考据,动漫
U8679,女,武汉,职场新人,萌系治愈,第一人称射击
U7139,女,成都,资深极客,萌系治愈,多人在线联机
U3524,男,上海,自由职业者,赛博朋克,建造
U3712,女,西安,职场新人,萌系治愈,像素图形
U3968,女,武汉,职场新人,萌系治愈,2.5D游戏
U2055,男,广东,自由职业者,竞技对抗,日系RPG
U6549,女,上海,自由职业者,二次元,抢先体验
U7431,男,西安,全职家长,竞技对抗,卡牌游戏
U4601,隐私保密,杭州,全职家长,历史考据,视觉小说
U2728,女,上海,职场新人,萌系治愈,第一人称射击
U8845,女,广东,职场新人,萌系治愈,像素图形
U9646,隐私保密,西安,中学生,赛博朋克,动漫
U7034,隐私保密,西安,中学生,国风文化,合成工艺
U4483,隐私保密,北京,自由职业者,赛博朋克,战争
U1636,女,上海,全职家长,二次元,角色扮演
U5017,男,广东,资深极客,竞技对抗,日系RPG
U9164,隐私保密,杭州,全职家长,历史考据,可爱
U1726,女,成都,职场新人,萌系治愈,2.5D游戏
U7760,女,杭州,全职家长,历史考据,射击
U9178,女,上海,自由职业者,二次元,抢先体验
U9788,女,西安,中学生,国风文化,战术
U1023,女,上海,职场新人,二次元,类魂
U8148,女,杭州,全职家长,历史考据,射击
U3551,男,杭州,资深极客,硬核技术,模拟
U9152,女,上海,职场新人,二次元,角色扮演
U3321,男,杭州,全职家长,历史考据,射击
U4805,女,西安,中学生,国风文化,战术
U6159,女,杭州,职场新人,萌系治愈,像素图形
U4423,隐私保密,西安,中学生,国风文化,战术
U8505,男,武汉,全职家长,历史考据,潜行
U5224,男,杭州,资深极客,硬核技术,格斗
U3090,女,杭州,职场新人,萌系治愈,战斗
U3359,女,北京,全职家长,硬核技术,体育
U7563,男,西安,中学生,国风文化,益智
U1291,女,杭州,全职家长,历史考据,可爱
U9293,男,广东,全职家长,竞技对抗,体育
U6359,女,杭州,自由职业者,国风文化,2D游戏
U2554,男,广东,自由职业者,竞技对抗,日系RPG
U7141,男,广东,中学生,二次元,像素图形
U5562,女,西安,职场新人,萌系治愈,2.5D游戏
U5283,女,北京,自由职业者,赛博朋克,写实
U3562,男,广东,全职家长,竞技对抗,策略
U9944,女,上海,职场新人,二次元,类魂
U2164,男,杭州,资深极客,硬核技术,自动化
U2171,女,武汉,职场新人,萌系治愈,像素图形
U4249,女,上海,职场新人,二次元,建造
U1684,男,北京,自由职业者,赛博朋克,回合制
U1631,男,杭州,全职家长,历史考据,射击
U2171,女,杭州,全职家长,历史考据,动漫
U5192,男,广东,大学生,竞技对抗,策略
U8569,女,上海,资深极客,二次元,类魂
U4047,男,杭州,全职家长,历史考据,射击
U3943,女,北京,自由职业者,赛博朋克,开放世界
U3020,男,成都,中学生,国风文化,益智
U9913,女,上海,大学生,二次元,经营管理
U2193,男,西安,资深极客,硬核技术,肉鸽(Roguelike)
U9518,女,北京,职场新人,萌系治愈,像素图形
U3801,女,上海,职场新人,二次元,类魂
U4230,男,北京,自由职业者,赛博朋克,写实
U5006,女,成都,职场新人,萌系治愈,第一人称射击
U9351,女,上海,大学生,二次元,类魂
U2284,男,上海,中学生,硬核技术,类魂
U8610,女,上海,大学生,二次元,经营管理
U2232,女,北京,职场新人,萌系治愈,2.5D游戏
U6716,女,西安,中学生,国风文化,平台动作
U4377,男,武汉,资深极客,硬核技术,自动化
U8097,女,武汉,自由职业者,国风文化,剧情丰富
U3780,女,上海,自由职业者,二次元,建造
U3163,女,北京,自由职业者,赛博朋克,开放世界
U2911,男,上海,资深极客,硬核技术,冒险
U9690,隐私保密,杭州,全职家长,历史考据,可爱
U7190,男,北京,自由职业者,赛博朋克,成人内容
U1100,男,广东,职场新人,竞技对抗,奇幻
U2815,男,西安,中学生,国风文化,战术
U5454,女,北京,职场新人,萌系治愈,第一人称射击
U5111,女,杭州,中学生,竞技对抗,成人内容
U7667,女,成都,职场新人,萌系治愈,潜行
U5621,女,上海,职场新人,二次元,经营管理
U3737,男,西安,中学生,国风文化,平台动作
U7754,女,杭州,全职家长,历史考据,动漫
U4361,男,北京,自由职业者,赛博朋克,回合制
U3428,女,北京,职场新人,萌系治愈,潜行
U5987,女,北京,职场新人,萌系治愈,战斗
U5657,男,成都,资深极客,硬核技术,模拟
U8230,隐私保密,北京,全职家长,萌系治愈,沙盒
U6050,隐私保密,成都,大学生,赛博朋克,射击
U8269,女,杭州,全职家长,历史考据,视觉小说
U3628,男,上海,职场新人,赛博朋克,生存
U8552,男,北京,职场新人,赛博朋克,经营管理
U3431,女,上海,职场新人,萌系治愈,恐怖
U3739,男,广东,中学生,竞技对抗,体育
U6899,女,西安,资深极客,竞技对抗,开放世界
U2133,男,广东,大学生,竞技对抗,策略
U6527,男,杭州,资深极客,硬核技术,格斗
U4272,隐私保密,北京,自由职业者,赛博朋克,成人内容
U3578,男,武汉,中学生,竞技对抗,电脑角色扮演
U7132,隐私保密,西安,中学生,国风文化,剧情丰富
U9699,男,武汉,资深极客,硬核技术,模拟
U3571,男,广东,资深极客,硬核技术,格斗
U5767,隐私保密,杭州,全职家长,历史考据,视觉小说
U6057,女,杭州,职场新人,萌系治愈,第一人称射击
U6878,男,广东,大学生,竞技对抗,卡牌游戏
U9972,男,武汉,资深极客,二次元,体育
U7629,隐私保密,西安,中学生,国风文化,战术
U4748,女,杭州,全职家长,历史考据,射击
U6759,女,西安,中学生,国风文化,益智
U7796,男,成都,资深极客,硬核技术,肉鸽(Roguelike)
U1546,女,西安,中学生,国风文化,益智
U1376,男,广东,职场新人,竞技对抗,奇幻
U2030,男,西安,中学生,国风文化,益智
U4630,男,杭州,资深极客,硬核技术,格斗
U3567,男,杭州,资深极客,硬核技术,驾驶
U5572,男,北京,自由职业者,赛博朋克,电脑角色扮演
U1577,隐私保密,北京,自由职业者,赛博朋克,开放世界
U7714,男,北京,自由职业者,赛博朋克,成人内容
U5716,隐私保密,北京,资深极客,二次元,像素图形
U2961,女,上海,全职家长,二次元,抢先体验
U9073,男,广东,资深极客,竞技对抗,体育
U1006,男,广东,大学生,竞技对抗,体育
U5035,男,杭州,全职家长,历史考据,沙盒
U4048,女,西安,职场新人,萌系治愈,战斗
U1373,隐私保密,北京,职场新人,国风文化,潜行
U3890,男,武汉,职场新人,竞技对抗,2.5D游戏
U3261,男,北京,自由职业者,赛博朋克,战争
U8809,男,北京,自由职业者,赛博朋克,成人内容
U1856,男,西安,中学生,国风文化,平台动作
U7480,女,西安,中学生,国风文化,合成工艺
U4359,女,上海,职场新人,二次元,类魂
U6757,男,北京,自由职业者,赛博朋克,写实
U8689,隐私保密,杭州,全职家长,历史考据,视觉小说
U6658,隐私保密,北京,自由职业者,赛博朋克,回合制
U9314,男,杭州,全职家长,历史考据,射击
U3377,女,成都,职场新人,硬核技术,写实
U7215,男,广东,资深极客,硬核技术,肉鸽(Roguelike)
U4028,隐私保密,广东,全职家长,国风文化,建造
U3841,女,杭州,资深极客,国风文化,剧情丰富
U3143,隐私保密,广东,大学生,国风文化,战斗
U6911,男,武汉,资深极客,硬核技术,模拟
U2036,女,西安,中学生,国风文化,平台动作
U8929,男,北京,自由职业者,赛博朋克,开放世界
U9903,女,北京,自由职业者,赛博朋克,回合制
U3269,女,上海,自由职业者,历史考据,抢先体验
U4921,女,广东,职场新人,萌系治愈,第一人称射击
U3946,男,杭州,全职家长,历史考据,动漫
U4791,男,杭州,全职家长,竞技对抗,写实
U6717,女,上海,中学生,二次元,多人在线联机
U9123,男,杭州,全职家长,萌系治愈,动漫
U7563,隐私保密,北京,自由职业者,赛博朋克,写实
U1091,女,成都,大学生,历史考据,动作
U1577,女,北京,职场新人,萌系治愈,恐怖
U8668,女,上海,自由职业者,二次元,角色扮演
U7419,女,北京,自由职业者,赛博朋克,写实
U6332,女,杭州,职场新人,萌系治愈,像素图形
U4203,女,杭州,全职家长,历史考据,动漫
U1699,女,成都,职场新人,萌系治愈,第一人称射击
U2957,女,上海,中学生,二次元,建造
U3877,男,北京,资深极客,竞技对抗,战斗
U2466,女,上海,职场新人,硬核技术,可爱
U5198,隐私保密,杭州,全职家长,历史考据,射击
U6025,男,西安,全职家长,竞技对抗,潜行
U8749,男,西安,大学生,赛博朋克,电脑角色扮演
U3375,隐私保密,杭州,全职家长,历史考据,可爱
U9035,隐私保密,杭州,全职家长,历史考据,动漫
U9155,男,成都,资深极客,硬核技术,冒险
U5983,男,武汉,全职家长,竞技对抗,格斗
U2000,女,上海,大学生,二次元,类魂
U9303,女,杭州,全职家长,历史考据,视觉小说
U7620,隐私保密,北京,中学生,二次元,潜行
U3040,女,武汉,职场新人,萌系治愈,像素图形
U5054,女,上海,大学生,二次元,抢先体验
U4707,男,北京,自由职业者,赛博朋克,成人内容
U6516,男,西安,中学生,国风文化,合成工艺
U1762,女,西安,中学生,国风文化,益智
U3474,男,广东,职场新人,竞技对抗,体育
U7237,女,成都,大学生,二次元,战术
U7687,男,北京,自由职业者,赛博朋克,开放世界
U5232,女,杭州,职场新人,二次元,策略
U6249,男,上海,职场新人,二次元,沙盒
U5672,女,西安,职场新人,萌系治愈,像素图形
U6205,男,广东,大学生,竞技对抗,体育
U1758,女,武汉,全职家长,萌系治愈,电脑角色扮演
U6345,男,武汉,资深极客,硬核技术,格斗
U8266,隐私保密,西安,中学生,国风文化,合成工艺
U3005,隐私保密,西安,中学生,国风文化,剧情丰富
U8873,男,广东,资深极客,竞技对抗,策略
U7795,女,北京,职场新人,萌系治愈,战斗
U1007,女,上海,自由职业者,国风文化,冒险
U4476,隐私保密,北京,大学生,国风文化,可爱
U1190,女,上海,大学生,二次元,建造
U7855,女,西安,职场新人,萌系治愈,像素图形
U2488,男,北京,自由职业者,赛博朋克,电脑角色扮演
U2127,男,武汉,全职家长,硬核技术,生存
U9589,女,西安,职场新人,萌系治愈,恐怖
U7209,男,上海,大学生,二次元,沙盒
U8288,男,杭州,资深极客,硬核技术,肉鸽(Roguelike)
U9284,女,北京,自由职业者,赛博朋克,开放世界
U3624,男,成都,自由职业者,硬核技术,格斗
U6268,女,杭州,全职家长,历史考据,沙盒
U8827,男,广东,全职家长,竞技对抗,2D游戏
U4193,女,上海,大学生,二次元,类魂
U4501,女,武汉,职场新人,萌系治愈,战斗
U4996,女,北京,职场新人,萌系治愈,2.5D游戏
U6950,男,广东,资深极客,硬核技术,冒险
U9371,女,成都,职场新人,萌系治愈,像素图形
U3885,女,北京,大学生,萌系治愈,潜行
U1798,女,武汉,职场新人,萌系治愈,恐怖
U1482,男,广东,中学生,竞技对抗,日系RPG
U5432,女,杭州,资深极客,历史考据,射击
U8024,男,武汉,资深极客,硬核技术,冒险
U8586,隐私保密,杭州,全职家长,历史考据,射击
U8744,男,广东,大学生,竞技对抗,日系RPG
U2471,男,杭州,全职家长,历史考据,射击
U4327,男,武汉,资深极客,硬核技术,驾驶
U8398,女,上海,大学生,二次元,抢先体验
U9973,女,北京,自由职业者,赛博朋克,电脑角色扮演
U6599,女,武汉,职场新人,萌系治愈,第一人称射击
U3673,男,广东,大学生,竞技对抗,2D游戏
U6934,男,广东,全职家长,竞技对抗,体育
U8577,男,西安,资深极客,硬核技术,模拟
U5182,女,成都,全职家长,竞技对抗,驾驶
U3099,女,上海,自由职业者,二次元,经营管理
U7689,女,成都,职场新人,萌系治愈,恐怖
U1150,男,广东,资深极客,竞技对抗,2D游戏
U4953,男,西安,中学生,国风文化,战术
U7579,女,上海,全职家长,二次元,建造
U7354,男,上海,资深极客,硬核技术,自动化
U1265,男,广东,全职家长,竞技对抗,策略
U7029,男,北京,自由职业者,萌系治愈,射击
U3634,女,上海,职场新人,萌系治愈,2.5D游戏
U4095,男,上海,资深极客,硬核技术,格斗
U5657,男,北京,自由职业者,赛博朋克,成人内容
U7372,男,广东,资深极客,硬核技术,肉鸽(Roguelike)
U4137,隐私保密,北京,自由职业者,赛博朋克,战争
U4629,女,成都,职场新人,萌系治愈,潜行
U6687,女,上海,职场新人,二次元,抢先体验
U1969,男,西安,中学生,国风文化,益智
U9857,女,北京,职场新人,萌系治愈,像素图形
U8996,女,广东,职场新人,萌系治愈,像素图形
U3880,男,广东,自由职业者,竞技对抗,日系RPG
U6328,女,广东,职场新人,萌系治愈,第一人称射击
U3276,女,杭州,全职家长,历史考据,可爱
U5000,男,北京,自由职业者,赛博朋克,成人内容
U1768,女,上海,职场新人,二次元,角色扮演
U7532,男,广东,资深极客,竞技对抗,体育
U2316,男,广东,自由职业者,竞技对抗,卡牌游戏
U1810,隐私保密,西安,自由职业者,萌系治愈,益智
U7566,女,成都,职场新人,萌系治愈,战斗
U1528,男,杭州,全职家长,历史考据,沙盒
U4613,女,广东,职场新人,萌系治愈,战斗
U7977,隐私保密,北京,职场新人,竞技对抗,开放世界
U6424,女,上海,中学生,二次元,角色扮演
U6050,女,杭州,自由职业者,历史考据,可爱
U4454,隐私保密,西安,中学生,国风文化,战术
U5646,女,北京,自由职业者,赛博朋克,成人内容
U6514,女,上海,中学生,二次元,经营管理
U2437,女,西安,中学生,国风文化,平台动作
U6839,女,成都,职场新人,萌系治愈,2.5D游戏
U2763,男,广东,自由职业者,竞技对抗,策略
U8619,女,北京,自由职业者,赛博朋克,战争
U7231,男,武汉,资深极客,硬核技术,冒险
U1628,男,广东,自由职业者,二次元,角色扮演
U1992,隐私保密,北京,职场新人,萌系治愈,类魂
U6998,女,北京,自由职业者,赛博朋克,电脑角色扮演
U6802,男,上海,全职家长,历史考据,日系RPG
U3488,隐私保密,杭州,全职家长,历史考据,格斗
U2406,女,上海,自由职业者,二次元,角色扮演
U3094,女,广东,职场新人,萌系治愈,潜行
U9116,隐私保密,上海,职场新人,赛博朋克,奇幻
U7306,男,西安,中学生,国风文化,益智
U2682,隐私保密,杭州,全职家长,历史考据,可爱
U8934,女,上海,中学生,二次元,建造
U5916,男,广东,资深极客,竞技对抗,奇幻
U1715,女,北京,自由职业者,赛博朋克,电脑角色扮演
U1011,女,北京,自由职业者,赛博朋克,战争
U6225,男,杭州,资深极客,硬核技术,肉鸽(Roguelike)
U1622,隐私保密,西安,职场新人,赛博朋克,2.5D游戏
U8276,男,杭州,全职家长,历史考据,动作
U7633,男,成都,大学生,二次元,像素图形
U3949,女,西安,中学生,国风文化,益智
U6542,男,上海,资深极客,硬核技术,驾驶
U3413,女,广东,职场新人,硬核技术,角色扮演
U8142,男,北京,资深极客,竞技对抗,合成工艺
U1939,女,上海,职场新人,二次元,类魂
U5515,男,上海,全职家长,萌系治愈,抢先体验
U9693,女,上海,资深极客,二次元,类魂
U2805,男,西安,中学生,国风文化,剧情丰富
U8405,男,北京,资深极客,硬核技术,模拟
U3736,女,上海,职场新人,萌系治愈,2.5D游戏
U8153,女,上海,职场新人,二次元,多人在线联机
U2130,男,成都,资深极客,硬核技术,驾驶
U1229,女,上海,中学生,二次元,建造
U8735,男,广东,职场新人,竞技对抗,奇幻
U6694,男,广东,职场新人,竞技对抗,2D游戏
U6248,女,上海,资深极客,二次元,经营管理
U7533,男,武汉,资深极客,硬核技术,抢先体验
U6086,男,杭州,全职家长,历史考据,视觉小说
U7156,隐私保密,北京,自由职业者,赛博朋克,成人内容
U7948,女,上海,自由职业者,二次元,经营管理
U4954,女,杭州,全职家长,历史考据,视觉小说
U4018,男,广东,资深极客,硬核技术,冒险
U3034,男,杭州,全职家长,历史考据,沙盒
U3808,隐私保密,北京,自由职业者,赛博朋克,回合制
U4807,女,上海,中学生,二次元,类魂
U9778,隐私保密,上海,自由职业者,竞技对抗,潜行
U3616,女,杭州,大学生,国风文化,视觉小说
U8632,男,武汉,职场新人,竞技对抗,角色扮演
U3603,隐私保密,杭州,全职家长,历史考据,动作
U2534,隐私保密,武汉,中学生,萌系治愈,恐怖
U4208,男,广东,全职家长,竞技对抗,卡牌游戏
U5337,男,上海,资深极客,硬核技术,自动化
U4983,男,广东,自由职业者,竞技对抗,奇幻
U9411,男,杭州,全职家长,历史考据,射击
U8141,女,上海,全职家长,二次元,角色扮演
U4700,男,广东,资深极客,硬核技术,驾驶
U7108,女,北京,职场新人,萌系治愈,恐怖
U6147,女,北京,自由职业者,赛博朋克,电脑角色扮演
U6898,隐私保密,西安,中学生,国风文化,生存
U5874,女,上海,资深极客,二次元,建造
U4192,女,武汉,职场新人,萌系治愈,潜行
U9925,男,成都,资深极客,硬核技术,驾驶
U7068,女,杭州,职场新人,萌系治愈,像素图形
U3347,女,杭州,职场新人,萌系治愈,像素图形
U2017,女,广东,职场新人,萌系治愈,恐怖
U6067,隐私保密,西安,中学生,国风文化,剧情丰富
U5629,男,杭州,全职家长,历史考据,视觉小说
U2219,隐私保密,北京,自由职业者,赛博朋克,开放世界
U7746,男,杭州,全职家长,历史考据,射击
U1326,隐私保密,武汉,资深极客,竞技对抗,动漫
U1522,男,西安,资深极客,硬核技术,自动化
U6726,女,北京,自由职业者,赛博朋克,开放世界
U2527,女,杭州,全职家长,历史考据,可爱
U8713,男,广东,职场新人,二次元,卡牌游戏
U7445,女,成都,职场新人,萌系治愈,像素图形
U1185,女,西安,中学生,国风文化,战术
U8936,男,西安,资深极客,硬核技术,肉鸽(Roguelike)
U2249,隐私保密,北京,自由职业者,赛博朋克,电脑角色扮演
U6792,女,西安,中学生,国风文化,平台动作
U4001,男,广东,职场新人,竞技对抗,卡牌游戏
U7372,男,北京,自由职业者,赛博朋克,成人内容
U8274,女,北京,职场新人,萌系治愈,战斗
U2351,男,西安,中学生,国风文化,剧情丰富
U8844,隐私保密,西安,中学生,国风文化,剧情丰富
U4148,男,广东,职场新人,竞技对抗,策略
U7100,隐私保密,杭州,全职家长,历史考据,射击
U2989,男,武汉,中学生,萌系治愈,2D游戏
U6543,隐私保密,上海,全职家长,国风文化,建造
U4609,男,西安,中学生,国风文化,生存
U4794,隐私保密,北京,自由职业者,赛博朋克,开放世界
U8136,女,杭州,全职家长,历史考据,动漫
U7382,女,北京,自由职业者,赛博朋克,成人内容
U2400,女,上海,自由职业者,二次元,合成工艺
U1716,男,武汉,全职家长,二次元,2D游戏
U1451,隐私保密,杭州,全职家长,历史考据,视觉小说
U9450,隐私保密,西安,中学生,国风文化,合成工艺
U7709,男,广东,中学生,竞技对抗,2D游戏
U6574,女,成都,职场新人,萌系治愈,战斗
U4271,男,杭州,全职家长,历史考据,动漫
U8970,男,广东,中学生,竞技对抗,体育
U4778,女,武汉,职场新人,萌系治愈,战争
U1049,女,西安,中学生,国风文化,合成工艺
U8638,女,杭州,全职家长,历史考据,可爱
U1654,女,杭州,职场新人,萌系治愈,像素图形
U6759,男,广东,职场新人,竞技对抗,日系RPG
U9467,男,广东,资深极客,硬核技术,自动化
U6887,男,广东,中学生,竞技对抗,策略
U9744,隐私保密,成都,资深极客,二次元,潜行
U5465,男,西安,资深极客,硬核技术,冒险
U4737,男,上海,资深极客,硬核技术,格斗
U4332,男,杭州,自由职业者,国风文化,策略
U2148,男,武汉,资深极客,硬核技术,格斗
U6479,女,西安,中学生,国风文化,益智
U6661,男,广东,职场新人,竞技对抗,卡牌游戏
U6623,女,北京,自由职业者,赛博朋克,电脑角色扮演
U7033,隐私保密,北京,自由职业者,历史考据,动漫
U7732,男,广东,大学生,竞技对抗,卡牌游戏
U2630,男,广东,职场新人,竞技对抗,策略
U1030,女,北京,大学生,国风文化,电脑角色扮演
U4874,女,西安,全职家长,萌系治愈,视觉小说
U5919,男,广东,大学生,竞技对抗,策略
U7413,女,西安,职场新人,萌系治愈,战斗
U4704,男,成都,资深极客,硬核技术,冒险
U6765,男,北京,资深极客,硬核技术,冒险
U5370,女,北京,职场新人,萌系治愈,第一人称射击
U8691,女,北京,职场新人,萌系治愈,恐怖
U9524,隐私保密,杭州,全职家长,历史考据,动作
U7552,女,杭州,全职家长,历史考据,动漫
U6440,男,杭州,全职家长,历史考据,动漫
U7792,隐私保密,西安,中学生,国风文化,合成工艺
U5460,女,上海,中学生,二次元,建造
U5071,女,上海,职场新人,二次元,建造
U6513,男,广东,中学生,竞技对抗,奇幻
U2422,男,杭州,全职家长,历史考据,可爱
U3552,女,上海,资深极客,二次元,类魂
U8196,男,广东,职场新人,竞技对抗,日系RPG
U5330,男,杭州,全职家长,历史考据,动漫
U4433,男,广东,资深极客,硬核技术,自动化
U2951,隐私保密,杭州,全职家长,历史考据,视觉小说
U2778,男,武汉,资深极客,硬核技术,肉鸽(Roguelike)
U7728,女,上海,全职家长,国风文化,经营管理
U8926,隐私保密,成都,中学生,赛博朋克,写实
U4830,女,北京,自由职业者,赛博朋克,写实
U9876,男,广东,自由职业者,竞技对抗,电脑角色扮演
U7087,隐私保密,北京,自由职业者,赛博朋克,回合制
U6696,女,上海,自由职业者,二次元,角色扮演
U2167,女,西安,中学生,国风文化,益智
U9880,女,上海,大学生,二次元,角色扮演
U2777,女,西安,职场新人,硬核技术,像素图形
U6998,女,上海,全职家长,二次元,开放世界
U4979,女,上海,自由职业者,二次元,角色扮演
U1614,男,北京,自由职业者,赛博朋克,开放世界
U7333,女,武汉,职场新人,萌系治愈,恐怖
U7501,男,广东,全职家长,竞技对抗,日系RPG
U3154,男,广东,自由职业者,赛博朋克,动漫
U1252,男,西安,自由职业者,国风文化,冒险
U8508,隐私保密,杭州,全职家长,历史考据,沙盒
U8461,男,广东,资深极客,竞技对抗,卡牌游戏
U9560,男,西安,中学生,国风文化,合成工艺
U4723,隐私保密,武汉,大学生,萌系治愈,益智
U3168,女,西安,中学生,国风文化,合成工艺
U9145,男,广东,资深极客,硬核技术,自动化
U1262,女,杭州,全职家长,竞技对抗,肉鸽(Roguelike)
U1119,女,北京,自由职业者,赛博朋克,回合制
U2166,男,杭州,资深极客,硬核技术,模拟
U2553,女,上海,资深极客,二次元,建造
U9537,女,上海,自由职业者,二次元,抢先体验
U3115,女,武汉,职场新人,萌系治愈,战斗
U6662,隐私保密,西安,中学生,国风文化,生存
U8390,男,广东,资深极客,硬核技术,肉鸽(Roguelike)
U3767,女,杭州,职场新人,萌系治愈,像素图形
U3409,女,上海,职场新人,萌系治愈,战斗
U3269,女,上海,全职家长,二次元,类魂
U2452,女,上海,自由职业者,二次元,建造
U9025,女,上海,全职家长,二次元,经营管理
U7955,女,西安,中学生,国风文化,合成工艺
U2636,隐私保密,北京,自由职业者,赛博朋克,电脑角色扮演
U6528,男,广东,中学生,竞技对抗,日系RPG
U8456,隐私保密,北京,自由职业者,二次元,动漫
U2603,女,西安,中学生,国风文化,战术
U6995,女,上海,全职家长,二次元,抢先体验
U8196,男,上海,资深极客,硬核技术,格斗
U4089,女,上海,全职家长,二次元,抢先体验
U3037,男,广东,全职家长,竞技对抗,2D游戏
U4572,男,广东,中学生,竞技对抗,策略
U1170,男,西安,中学生,国风文化,益智
U8192,男,广东,中学生,竞技对抗,卡牌游戏
U4444,男,杭州,全职家长,历史考据,可爱
U7884,男,成都,资深极客,硬核技术,模拟
U3229,女,上海,中学生,二次元,角色扮演
U2217,女,北京,职场新人,萌系治愈,像素图形
U2018,女,上海,自由职业者,二次元,类魂
U7160,女,上海,中学生,二次元,多人在线联机
U4505,女,上海,大学生,二次元,类魂
U4427,隐私保密,杭州,全职家长,历史考据,视觉小说
U1101,女,上海,职场新人,二次元,建造
U3822,女,广东,职场新人,萌系治愈,第一人称射击
U6400,女,北京,职场新人,竞技对抗,沙盒
U5890,隐私保密,武汉,中学生,硬核技术,战争
U5222,女,北京,自由职业者,赛博朋克,成人内容
U3869,女,西安,中学生,国风文化,平台动作
U9052,女,北京,职场新人,萌系治愈,潜行
U7867,女,上海,自由职业者,二次元,经营管理
U8948,女,杭州,全职家长,历史考据,动漫
U3807,男,西安,资深极客,硬核技术,驾驶
U1360,男,广东,职场新人,竞技对抗,日系RPG
U9433,女,广东,职场新人,萌系治愈,第一人称射击
U1056,女,杭州,全职家长,历史考据,动漫
U6808,女,成都,职场新人,萌系治愈,像素图形
U1491,女,上海,职场新人,萌系治愈,战斗
U3286,隐私保密,杭州,资深极客,国风文化,2.5D游戏
U3197,男,上海,资深极客,二次元,肉鸽(Roguelike)
U5826,女,杭州,全职家长,历史考据,可爱
U6232,隐私保密,西安,大学生,硬核技术,潜行
U2809,男,西安,中学生,国风文化,合成工艺
U2738,女,西安,职场新人,萌系治愈,恐怖
U8101,男,广东,资深极客,竞技对抗,2D游戏
U4331,女,西安,职场新人,萌系治愈,第一人称射击
U1185,女,北京,自由职业者,赛博朋克,开放世界
U9505,男,杭州,全职家长,历史考据,动漫
U6288,隐私保密,西安,中学生,国风文化,生存
U6615,隐私保密,西安,中学生,国风文化,平台动作
U5376,女,北京,自由职业者,赛博朋克,电脑角色扮演
U8984,女,北京,职场新人,萌系治愈,战斗
U1412,女,西安,职场新人,萌系治愈,像素图形
U5268,男,广东,全职家长,竞技对抗,策略
U6186,女,杭州,全职家长,历史考据,射击
U8046,男,广东,大学生,竞技对抗,奇幻
U6883,女,杭州,全职家长,历史考据,动漫
U2286,女,上海,自由职业者,萌系治愈,经营管理
U1427,女,杭州,全职家长,历史考据,视觉小说
U7785,女,上海,资深极客,二次元,多人在线联机
U9282,女,西安,中学生,国风文化,生存
U3783,女,广东,职场新人,萌系治愈,像素图形
U8157,男,广东,全职家长,竞技对抗,奇幻
U4292,女,上海,职场新人,二次元,经营管理
U2205,女,西安,中学生,国风文化,剧情丰富
U8393,隐私保密,北京,自由职业者,赛博朋克,电脑角色扮演
U1411,男,杭州,全职家长,历史考据,视觉小说
U1328,女,上海,大学生,二次元,建造
U8164,男,广东,资深极客,硬核技术,模拟
U1537,男,西安,资深极客,硬核技术,驾驶
U7463,男,北京,大学生,国风文化,类魂
U6098,女,武汉,职场新人,萌系治愈,恐怖
U3218,女,上海,大学生,二次元,经营管理
U9672,女,北京,资深极客,赛博朋克,肉鸽(Roguelike)
U9011,隐私保密,杭州,全职家长,硬核技术,角色扮演
U5231,女,上海,职场新人,萌系治愈,像素图形
U4078,女,北京,自由职业者,赛博朋克,成人内容
U8761,男,西安,中学生,国风文化,生存
U3645,男,广东,中学生,竞技对抗,奇幻
U2834,隐私保密,杭州,全职家长,历史考据,动漫
U6830,隐私保密,西安,中学生,国风文化,益智
U9165,男,杭州,职场新人,二次元,平台动作
U9469,女,上海,职场新人,二次元,多人在线联机
U8151,女,杭州,全职家长,历史考据,动作
U1282,隐私保密,西安,中学生,国风文化,战术
U5550,男,杭州,中学生,竞技对抗,多人在线联机
U6644,男,北京,全职家长,赛博朋克,策略
U5986,女,西安,中学生,国风文化,生存
U6466,女,成都,职场新人,萌系治愈,像素图形
U4430,男,北京,自由职业者,赛博朋克,回合制
U4157,隐私保密,西安,中学生,国风文化,生存
U3198,男,广东,职场新人,竞技对抗,策略
U4622,女,北京,自由职业者,赛博朋克,成人内容
U5382,男,成都,资深极客,硬核技术,格斗
U2670,女,上海,全职家长,二次元,多人在线联机
U1266,男,成都,全职家长,二次元,奇幻
U8650,隐私保密,北京,自由职业者,赛博朋克,电脑角色扮演
U8184,男,西安,中学生,国风文化,平台动作
U8204,女,西安,职场新人,萌系治愈,第一人称射击
U7928,男,北京,自由职业者,赛博朋克,战争
U5870,隐私保密,上海,全职家长,二次元,成人内容
U2942,女,广东,职场新人,萌系治愈,恐怖
U8007,隐私保密,杭州,全职家长,历史考据,动作
U7591,隐私保密,杭州,全职家长,历史考据,射击
U7837,男,杭州,全职家长,历史考据,视觉小说
U5121,男,广东,资深极客,硬核技术,模拟
U9290,女,成都,职场新人,萌系治愈,恐怖
U5510,女,武汉,职场新人,萌系治愈,2.5D游戏
U1898,男,广东,资深极客,硬核技术,格斗
U8332,男,西安,中学生,国风文化,平台动作
U9707,男,杭州,职场新人,竞技对抗,日系RPG
U5907,男,北京,自由职业者,赛博朋克,电脑角色扮演
U5327,男,杭州,全职家长,历史考据,益智
U6273,隐私保密,北京,自由职业者,赛博朋克,写实
U3683,女,杭州,资深极客,二次元,建造
U2067,女,上海,自由职业者,二次元,经营管理
U4432,女,上海,资深极客,二次元,经营管理
U3753,男,广东,职场新人,竞技对抗,奇幻
U2616,隐私保密,杭州,全职家长,历史考据,射击
U3232,男,西安,资深极客,硬核技术,肉鸽(Roguelike)
U9289,女,上海,资深极客,二次元,建造
U3251,男,广东,资深极客,竞技对抗,日系RPG
U3809,男,上海,资深极客,硬核技术,模拟
U2486,女,上海,自由职业者,二次元,建造
U6157,女,上海,全职家长,历史考据,成人内容
U6281,男,成都,资深极客,硬核技术,格斗
U3966,女,杭州,全职家长,历史考据,射击
U3469,女,北京,职场新人,萌系治愈,像素图形
U5773,女,广东,职场新人,萌系治愈,恐怖
U2693,隐私保密,西安,中学生,国风文化,益智
U2097,男,北京,自由职业者,赛博朋克,战争
U1418,男,北京,资深极客,硬核技术,驾驶
U3946,女,上海,中学生,二次元,抢先体验
U4110,男,广东,全职家长,竞技对抗,体育
U9828,女,上海,大学生,二次元,类魂
U3191,男,广东,全职家长,竞技对抗,策略
U4746,男,广东,中学生,竞技对抗,2D游戏
U8385,女,上海,资深极客,二次元,类魂
U3097,女,上海,全职家长,二次元,建造
U2212,男,广东,大学生,竞技对抗,策略
U2332,女,北京,自由职业者,赛博朋克,开放世界
U9255,男,西安,中学生,国风文化,合成工艺
U9064,男,杭州,全职家长,历史考据,视觉小说
U6545,隐私保密,北京,自由职业者,赛博朋克,写实
U1123,男,广东,全职家长,竞技对抗,策略
U2229,男,西安,全职家长,国风文化,角色扮演
U1737,隐私保密,北京,资深极客,萌系治愈,沙盒
U7047,女,上海,职场新人,二次元,抢先体验
U6430,女,北京,自由职业者,赛博朋克,回合制
U2392,隐私保密,西安,中学生,国风文化,平台动作
U1848,男,上海,资深极客,国风文化,生存
U5333,女,上海,大学生,二次元,经营管理
U8430,男,杭州,全职家长,历史考据,射击
U4011,隐私保密,杭州,职场新人,硬核技术,体育
U3610,女,广东,职场新人,萌系治愈,第一人称射击
U6782,女,杭州,全职家长,历史考据,可爱
U6230,女,成都,大学生,竞技对抗,日系RPG
U4535,女,北京,自由职业者,赛博朋克,电脑角色扮演
U8778,男,广东,全职家长,竞技对抗,日系RPG
U5447,男,广东,全职家长,竞技对抗,奇幻
U5171,男,广东,资深极客,竞技对抗,策略
U5012,男,北京,中学生,二次元,日系RPG
U7905,女,北京,自由职业者,赛博朋克,战争
U4769,隐私保密,成都,资深极客,竞技对抗,角色扮演
U8330,隐私保密,北京,自由职业者,赛博朋克,写实
U3681,男,武汉,职场新人,萌系治愈,沙盒
U2087,女,西安,大学生,国风文化,战争
U7178,隐私保密,西安,中学生,国风文化,益智
U8563,隐私保密,北京,自由职业者,赛博朋克,开放世界
U1335,女,杭州,职场新人,萌系治愈,恐怖
U4953,女,上海,全职家长,二次元,类魂
U5806,男,西安,中学生,国风文化,平台动作
U8030,隐私保密,广东,职场新人,历史考据,模拟
U4805,男,广东,资深极客,硬核技术,冒险
U1227,男,成都,资深极客,历史考据,经营管理
U4842,隐私保密,成都,自由职业者,国风文化,卡牌游戏
U1319,隐私保密,武汉,自由职业者,二次元,生存
U1271,男,武汉,资深极客,国风文化,多人在线联机
U4559,女,杭州,职场新人,萌系治愈,像素图形
U8903,隐私保密,西安,中学生,国风文化,合成工艺
U9226,隐私保密,杭州,全职家长,历史考据,射击
U3634,隐私保密,西安,中学生,国风文化,生存
U5620,女,武汉,职场新人,萌系治愈,潜行
U5311,男,杭州,全职家长,历史考据,动漫
U4279,男,西安,中学生,国风文化,平台动作
U7495,隐私保密,西安,中学生,国风文化,生存
U2813,男,北京,自由职业者,赛博朋克,电脑角色扮演
U5739,女,武汉,中学生,历史考据,生存
U7030,男,北京,资深极客,硬核技术,回合制
U6604,女,杭州,全职家长,历史考据,可爱
U3237,男,上海,职场新人,竞技对抗,奇幻
U2292,男,杭州,全职家长,历史考据,视觉小说
U4091,男,北京,大学生,竞技对抗,角色扮演
U1635,隐私保密,杭州,全职家长,历史考据,射击
U7776,女,上海,全职家长,二次元,建造
U9976,男,北京,资深极客,硬核技术,驾驶
U6724,女,北京,职场新人,萌系治愈,像素图形
U4900,女,上海,资深极客,赛博朋克,多人在线联机
U3007,男,广东,自由职业者,竞技对抗,日系RPG
U4113,男,广东,全职家长,竞技对抗,2D游戏
U7486,女,成都,职场新人,萌系治愈,第一人称射击
U3597,男,西安,中学生,国风文化,剧情丰富
U1335,男,北京,自由职业者,赛博朋克,电脑角色扮演
U3458,女,杭州,职场新人,萌系治愈,像素图形
U4120,女,武汉,职场新人,萌系治愈,2.5D游戏
U2181,男,广东,全职家长,竞技对抗,策略
U5549,男,北京,自由职业者,赛博朋克,开放世界
U5788,女,上海,自由职业者,二次元,抢先体验
U6437,男,广东,资深极客,硬核技术,驾驶
U9813,男,广东,资深极客,竞技对抗,策略
U2630,女,上海,资深极客,二次元,抢先体验
U1802,男,杭州,资深极客,硬核技术,自动化
U4662,女,杭州,职场新人,萌系治愈,恐怖
U7831,男,西安,中学生,国风文化,生存
U3413,隐私保密,广东,中学生,萌系治愈,射击
U9199,男,广东,中学生,竞技对抗,策略
U6935,隐私保密,杭州,全职家长,历史考据,可爱
U8062,男,北京,资深极客,硬核技术,驾驶
U6615,女,武汉,职场新人,萌系治愈,2.5D游戏
U8956,隐私保密,西安,中学生,国风文化,战术
U1105,男,武汉,资深极客,硬核技术,自动化
U2236,女,武汉,大学生,竞技对抗,战术
U7896,女,武汉,职场新人,萌系治愈,像素图形
U7690,男,北京,自由职业者,赛博朋克,电脑角色扮演
U2775,女,西安,中学生,国风文化,平台动作
U5182,女,北京,职场新人,萌系治愈,恐怖
U6301,男,杭州,资深极客,硬核技术,自动化
U3420,女,上海,大学生,二次元,经营管理
U2382,女,杭州,全职家长,历史考据,动漫
U2050,女,杭州,全职家长,历史考据,视觉小说
U9568,女,北京,自由职业者,赛博朋克,写实
U9806,女,北京,职场新人,萌系治愈,恐怖
U6407,女,上海,大学生,二次元,抢先体验
U2216,隐私保密,西安,资深极客,硬核技术,潜行
U2730,男,广东,大学生,竞技对抗,卡牌游戏
U7402,男,广东,中学生,竞技对抗,卡牌游戏
U8641,隐私保密,西安,全职家长,硬核技术,模拟
U6561,女,杭州,全职家长,历史考据,射击
U1291,女,成都,职场新人,萌系治愈,潜行
U6861,男,武汉,大学生,硬核技术,生存
U1494,女,上海,职场新人,二次元,多人在线联机
U2838,女,杭州,中学生,历史考据,日系RPG
U3995,女,西安,职场新人,萌系治愈,潜行
U1844,男,北京,自由职业者,赛博朋克,战争
U1803,男,西安,资深极客,硬核技术,模拟
U1687,男,北京,自由职业者,赛博朋克,回合制
U9423,女,成都,职场新人,萌系治愈,恐怖
U6651,男,广东,自由职业者,竞技对抗,体育
U5420,男,广东,资深极客,竞技对抗,2D游戏
U1802,女,西安,中学生,国风文化,合成工艺
U5168,隐私保密,成都,资深极客,历史考据,可爱
U5693,男,广东,大学生,竞技对抗,策略
U9072,隐私保密,杭州,全职家长,历史考据,射击
U8930,女,广东,职场新人,竞技对抗,视觉小说
U9035,男,广东,职场新人,竞技对抗,奇幻
U3832,女,北京,自由职业者,赛博朋克,电脑角色扮演
U1060,男,广东,职场新人,竞技对抗,体育
U2934,女,杭州,全职家长,历史考据,动作
U1005,隐私保密,北京,自由职业者,赛博朋克,开放世界
U3389,隐私保密,杭州,资深极客,萌系治愈,体育
U3021,女,北京,自由职业者,赛博朋克,电脑角色扮演
U9482,女,上海,职场新人,二次元,类魂
U9279,女,广东,职场新人,萌系治愈,2.5D游戏
U4047,女,西安,中学生,国风文化,平台动作
U3076,男,杭州,资深极客,硬核技术,格斗
U7828,男,杭州,资深极客,硬核技术,格斗
U5513,隐私保密,北京,自由职业者,赛博朋克,电脑角色扮演
U9740,男,北京,自由职业者,赛博朋克,回合制
U7897,隐私保密,杭州,全职家长,历史考据,可爱
U2512,隐私保密,北京,大学生,历史考据,2D游戏
U5557,女,北京,职场新人,历史考据,建造
U3337,男,北京,自由职业者,赛博朋克,回合制
U1771,男,成都,资深极客,国风文化,策略
U3479,男,广东,资深极客,硬核技术,肉鸽(Roguelike)
U8865,女,广东,职场新人,萌系治愈,2.5D游戏
U4519,女,上海,资深极客,二次元,类魂
U6588,女,上海,大学生,二次元,角色扮演
U3568,男,上海,资深极客,硬核技术,格斗
U3577,男,武汉,资深极客,硬核技术,自动化
U7100,隐私保密,北京,自由职业者,赛博朋克,战争
U3549,女,西安,中学生,国风文化,益智
U2595,男,北京,自由职业者,赛博朋克,成人内容
U3554,隐私保密,杭州,自由职业者,竞技对抗,自动化
U3481,男,广东,全职家长,竞技对抗,体育
U8196,女,西安,中学生,国风文化,剧情丰富
U1440,女,杭州,职场新人,萌系治愈,恐怖
U3395,女,西安,中学生,国风文化,益智
U7271,隐私保密,北京,自由职业者,赛博朋克,回合制
U5771,男,西安,中学生,国风文化,战术
U5975,隐私保密,西安,中学生,国风文化,战术
U7568,男,广东,资深极客,竞技对抗,策略
U2360,隐私保密,西安,中学生,国风文化,生存
U2123,隐私保密,西安,中学生,国风文化,战术
U7715,男,杭州,全职家长,历史考据,动作
U6264,隐私保密,上海,全职家长,国风文化,角色扮演
U5043,男,成都,资深极客,硬核技术,模拟
U6771,男,西安,中学生,国风文化,平台动作
U3558,隐私保密,西安,资深极客,萌系治愈,射击
U4287,隐私保密,西安,职场新人,历史考据,多人在线联机
U9143,女,北京,中学生,萌系治愈,建造
U1511,隐私保密,西安,中学生,国风文化,平台动作
U6804,男,广东,中学生,竞技对抗,日系RPG
U8901,男,武汉,资深极客,硬核技术,模拟
U5890,女,西安,中学生,国风文化,战术
U3259,女,成都,中学生,萌系治愈,驾驶
U5895,女,上海,大学生,二次元,类魂
U7683,女,杭州,职场新人,萌系治愈,第一人称射击
U2554,隐私保密,北京,自由职业者,赛博朋克,回合制
U3409,男,广东,资深极客,竞技对抗,2D游戏
U9754,男,成都,资深极客,硬核技术,模拟
U4415,男,武汉,资深极客,硬核技术,自动化
U3417,女,广东,职场新人,赛博朋克,写实
U4136,女,西安,中学生,国风文化,平台动作
U7006,女,北京,自由职业者,赛博朋克,战争
U7391,男,成都,资深极客,硬核技术,自动化
U4731,男,广东,中学生,竞技对抗,体育
U5409,女,上海,大学生,二次元,经营管理
U1376,男,西安,中学生,国风文化,战术
U6894,女,上海,职场新人,二次元,抢先体验
U4193,男,北京,中学生,历史考据,可爱
U1813,女,杭州,全职家长,历史考据,沙盒
U3754,隐私保密,杭州,全职家长,历史考据,动作
U7647,男,北京,自由职业者,赛博朋克,写实
U1487,男,北京,自由职业者,赛博朋克,开放世界
U8881,女,西安,中学生,国风文化,益智
U4632,男,上海,资深极客,硬核技术,驾驶
U5662,男,西安,中学生,国风文化,生存
U3362,隐私保密,西安,中学生,国风文化,益智
U7702,女,上海,资深极客,二次元,抢先体验
U1702,男,杭州,资深极客,硬核技术,模拟
U3173,男,广东,自由职业者,竞技对抗,策略
U6612,男,西安,资深极客,硬核技术,冒险
U3517,女,上海,全职家长,二次元,经营管理
U4641,女,上海,职场新人,二次元,经营管理
U1860,女,武汉,职场新人,萌系治愈,潜行
U8224,男,广东,全职家长,竞技对抗,日系RPG
U7082,男,西安,中学生,国风文化,战术
U9099,女,西安,职场新人,萌系治愈,第一人称射击
U7659,女,上海,职场新人,二次元,类魂
U4392,女,上海,大学生,竞技对抗,潜行
U6674,男,杭州,职场新人,竞技对抗,生存
U9502,隐私保密,成都,全职家长,历史考据,平台动作
U5304,女,西安,中学生,国风文化,合成工艺
U7949,男,广东,全职家长,竞技对抗,日系RPG
U6712,隐私保密,广东,自由职业者,赛博朋克,可爱
U3416,男,广东,资深极客,硬核技术,格斗
U3002,隐私保密,上海,资深极客,二次元,回合制
U1735,女,西安,中学生,国风文化,合成工艺
U7619,男,武汉,资深极客,硬核技术,自动化
U5442,男,西安,资深极客,硬核技术,格斗
U7751,男,杭州,自由职业者,赛博朋克,可爱
U2439,男,广东,中学生,竞技对抗,体育
U2216,男,广东,全职家长,竞技对抗,卡牌游戏
U5120,男,杭州,全职家长,历史考据,平台动作
U1034,女,上海,全职家长,二次元,建造
U1823,男,杭州,中学生,硬核技术,开放世界
U3490,隐私保密,北京,资深极客,二次元,射击
U4636,隐私保密,成都,资深极客,历史考据,格斗
U1533,女,广东,资深极客,二次元,生存
U8223,男,杭州,全职家长,历史考据,射击
U8584,女,上海,中学生,竞技对抗,电脑角色扮演
U4743,男,广东,中学生,竞技对抗,日系RPG
U2390,女,上海,中学生,二次元,类魂
U6428,男,广东,大学生,竞技对抗,奇幻
U5599,男,广东,资深极客,硬核技术,冒险
U8819,女,上海,大学生,二次元,经营管理
U4378,女,上海,职场新人,萌系治愈,战斗
U8755,隐私保密,武汉,中学生,竞技对抗,回合制
U7300,隐私保密,北京,自由职业者,赛博朋克,写实
U2617,女,上海,资深极客,二次元,抢先体验
U5403,女,上海,大学生,二次元,类魂
U9068,女,杭州,全职家长,历史考据,射击
U1501,男,广东,全职家长,竞技对抗,策略
U2312,隐私保密,西安,中学生,国风文化,战术
U3853,女,成都,大学生,硬核技术,成人内容
U7026,男,广东,大学生,竞技对抗,日系RPG
U9104,隐私保密,杭州,全职家长,历史考据,沙盒
U5653,隐私保密,杭州,全职家长,历史考据,沙盒
U2485,隐私保密,杭州,全职家长,萌系治愈,动漫
U3258,女,上海,职场新人,萌系治愈,像素图形
U1520,女,杭州,全职家长,历史考据,动作
U5062,隐私保密,武汉,资深极客,竞技对抗,肉鸽(Roguelike)
U8703,女,上海,资深极客,二次元,多人在线联机
U6252,男,广东,全职家长,竞技对抗,体育
U1354,男,北京,资深极客,硬核技术,冒险
U7649,男,武汉,资深极客,硬核技术,冒险
U3060,男,广东,中学生,竞技对抗,奇幻
U7708,隐私保密,杭州,中学生,二次元,写实
U1372,男,广东,全职家长,竞技对抗,奇幻
U1128,女,西安,中学生,国风文化,平台动作
U4518,隐私保密,北京,大学生,硬核技术,益智
U7985,女,西安,中学生,国风文化,平台动作
U5164,男,杭州,全职家长,历史考据,视觉小说
U9734,男,西安,中学生,国风文化,平台动作
U5088,男,北京,自由职业者,赛博朋克,回合制
U1443,女,西安,中学生,国风文化,平台动作
U7772,男,成都,资深极客,硬核技术,肉鸽(Roguelike)
U5433,女,上海,职场新人,二次元,类魂
U2341,男,北京,资深极客,硬核技术,驾驶
U2688,隐私保密,杭州,资深极客,二次元,多人在线联机
U8951,隐私保密,北京,职场新人,硬核技术,开放世界
U9936,男,广东,全职家长,竞技对抗,日系RPG
U4389,隐私保密,西安,中学生,国风文化,合成工艺
U5313,隐私保密,西安,中学生,国风文化,战术
U9995,隐私保密,杭州,全职家长,历史考据,射击
U9143,男,广东,全职家长,竞技对抗,日系RPG
U6992,男,广东,全职家长,竞技对抗,日系RPG
U8853,男,杭州,全职家长,历史考据,可爱
U9172,男,北京,自由职业者,赛博朋克,电脑角色扮演
U3929,女,上海,自由职业者,二次元,多人在线联机
U1251,男,广东,职场新人,竞技对抗,日系RPG
U1193,隐私保密,西安,中学生,国风文化,合成工艺
U3854,女,北京,自由职业者,赛博朋克,成人内容
U9081,男,北京,自由职业者,赛博朋克,开放世界
U7888,女,上海,自由职业者,二次元,经营管理
U5036,女,上海,资深极客,二次元,建造
U4040,男,西安,中学生,国风文化,生存
U9982,男,广东,自由职业者,竞技对抗,策略
U4301,女,上海,大学生,二次元,类魂
U9081,女,杭州,中学生,赛博朋克,卡牌游戏
U4134,女,上海,职场新人,国风文化,剧情丰富
U2211,隐私保密,上海,职场新人,赛博朋克,2D游戏
U8650,男,杭州,全职家长,历史考据,动漫
U4676,女,杭州,全职家长,历史考据,可爱
U1445,男,西安,资深极客,硬核技术,自动化
U9551,女,杭州,职场新人,萌系治愈,2.5D游戏
U6885,隐私保密,杭州,全职家长,历史考据,沙盒
U6595,隐私保密,武汉,中学生,二次元,卡牌游戏
U2409,女,杭州,职场新人,萌系治愈,第一人称射击
U8186,男,杭州,资深极客,硬核技术,自动化
U7079,女,西安,中学生,国风文化,生存
U4511,男,北京,自由职业者,赛博朋克,写实
U5157,男,北京,资深极客,硬核技术,模拟
U6290,男,广东,自由职业者,竞技对抗,策略
U6864,女,武汉,职场新人,萌系治愈,战斗
U4820,隐私保密,北京,自由职业者,赛博朋克,成人内容
U2140,男,武汉,职场新人,硬核技术,奇幻
U1159,女,西安,中学生,国风文化,益智
U5353,女,武汉,资深极客,竞技对抗,剧情丰富
U9291,女,上海,全职家长,二次元,经营管理
U3055,隐私保密,上海,自由职业者,硬核技术,剧情丰富
U3896,隐私保密,广东,全职家长,历史考据,冒险
U4271,男,北京,资深极客,硬核技术,自动化
U5777,女,北京,职场新人,萌系治愈,战斗
U9942,女,西安,职场新人,萌系治愈,战斗
U2222,女,上海,全职家长,国风文化,沙盒
U9376,男,广东,中学生,竞技对抗,卡牌游戏
U5912,男,广东,资深极客,竞技对抗,卡牌游戏
U7102,女,北京,职场新人,萌系治愈,像素图形
U3226,男,杭州,资深极客,硬核技术,肉鸽(Roguelike)
U4498,女,成都,职场新人,萌系治愈,战斗
U1962,女,上海,职场新人,二次元,角色扮演
U9112,隐私保密,西安,中学生,国风文化,战术
U5085,男,北京,资深极客,硬核技术,自动化
U9820,隐私保密,杭州,全职家长,历史考据,动作
U6019,男,西安,中学生,国风文化,剧情丰富
U4749,男,广东,职场新人,竞技对抗,体育
U3991,男,广东,中学生,竞技对抗,日系RPG
U6188,男,北京,自由职业者,赛博朋克,战争
U4471,男,杭州,大学生,二次元,战术
U3372,女,北京,自由职业者,赛博朋克,战争
U3904,女,杭州,职场新人,萌系治愈,第一人称射击
U6761,男,广东,全职家长,竞技对抗,体育
U3862,女,上海,全职家长,二次元,多人在线联机
U4884,女,成都,职场新人,萌系治愈,潜行
U6314,女,上海,中学生,二次元,经营管理
U2537,女,上海,中学生,二次元,抢先体验
U6204,男,武汉,中学生,国风文化,2.5D游戏
U2316,男,上海,资深极客,硬核技术,肉鸽(Roguelike)
U2389,男,北京,大学生,国风文化,驾驶
U9720,男,西安,资深极客,硬核技术,肉鸽(Roguelike)
U9912,女,西安,资深极客,竞技对抗,驾驶
U7345,男,广东,全职家长,竞技对抗,卡牌游戏
U4908,男,西安,中学生,国风文化,剧情丰富
U1104,女,上海,资深极客,二次元,角色扮演
U6718,男,成都,资深极客,硬核技术,冒险
U9298,女,杭州,全职家长,萌系治愈,2D游戏
U8394,男,广东,大学生,竞技对抗,2D游戏
U8384,男,北京,自由职业者,赛博朋克,成人内容
U1794,男,北京,职场新人,赛博朋克,格斗
U1447,男,广东,职场新人,赛博朋克,沙盒
U6251,男,杭州,大学生,赛博朋克,体育
U8542,男,上海,资深极客,硬核技术,自动化
U9753,男,广东,职场新人,竞技对抗,策略
U2886,隐私保密,武汉,大学生,硬核技术,模拟
U4655,男,杭州,全职家长,历史考据,动漫
U4025,女,成都,职场新人,萌系治愈,战斗
U6979,隐私保密,北京,自由职业者,赛博朋克,电脑角色扮演
U1991,隐私保密,北京,自由职业者,赛博朋克,成人内容
U8946,女,上海,职场新人,萌系治愈,2.5D游戏
U5934,女,上海,职场新人,萌系治愈,战斗
U1254,男,广东,职场新人,竞技对抗,奇幻
U1032,女,上海,中学生,二次元,建造
U2986,男,杭州,全职家长,历史考据,射击
U8863,男,广东,自由职业者,国风文化,像素图形
U8628,女,上海,大学生,二次元,抢先体验
U3594,隐私保密,杭州,全职家长,竞技对抗,冒险
U1240,女,西安,中学生,国风文化,平台动作
U3491,女,上海,大学生,二次元,多人在线联机
U1895,女,杭州,职场新人,萌系治愈,恐怖
U5736,隐私保密,西安,中学生,国风文化,战术
U3283,女,上海,中学生,二次元,建造
U4096,隐私保密,广东,自由职业者,赛博朋克,角色扮演
U4154,男,西安,中学生,国风文化,平台动作
U9842,隐私保密,杭州,全职家长,历史考据,视觉小说
U3219,女,上海,资深极客,二次元,多人在线联机
U9888,女,上海,职场新人,二次元,抢先体验
U8693,女,上海,资深极客,二次元,建造
U9277,男,武汉,资深极客,硬核技术,肉鸽(Roguelike)
U1859,男,武汉,资深极客,硬核技术,驾驶
U2024,女,上海,自由职业者,二次元,经营管理
U6591,男,杭州,全职家长,历史考据,动作
U1167,女,武汉,职场新人,萌系治愈,恐怖
U8991,隐私保密,西安,中学生,国风文化,生存
U4168,男,成都,资深极客,硬核技术,自动化
U2903,男,广东,职场新人,竞技对抗,日系RPG
U5736,男,北京,自由职业者,赛博朋克,回合制
U5296,男,北京,自由职业者,赛博朋克,成人内容
U7635,男,广东,中学生,竞技对抗,卡牌游戏
U1615,男,杭州,全职家长,历史考据,射击
U3657,女,杭州,职场新人,萌系治愈,恐怖
U1114,隐私保密,西安,中学生,国风文化,合成工艺
U5029,男,广东,资深极客,竞技对抗,2D游戏
U9481,女,北京,自由职业者,赛博朋克,电脑角色扮演
U3733,男,杭州,资深极客,硬核技术,冒险
U4625,男,上海,大学生,竞技对抗,策略
U4875,男,广东,自由职业者,竞技对抗,2D游戏
U4113,男,成都,资深极客,硬核技术,肉鸽(Roguelike)
U1471,女,北京,自由职业者,赛博朋克,回合制
U4304,女,上海,全职家长,二次元,建造
U1703,男,上海,资深极客,二次元,经营管理
U1387,女,成都,资深极客,历史考据,日系RPG
U9640,男,北京,自由职业者,赛博朋克,成人内容
U9805,男,杭州,全职家长,历史考据,可爱
U7340,男,上海,资深极客,硬核技术,肉鸽(Roguelike)
U8495,男,广东,全职家长,竞技对抗,体育
U8163,男,北京,自由职业者,赛博朋克,电脑角色扮演
U6624,男,北京,资深极客,硬核技术,肉鸽(Roguelike)
U4460,女,北京,自由职业者,赛博朋克,写实
U7606,男,西安,中学生,国风文化,合成工艺
U4120,女,上海,职场新人,二次元,经营管理
U5733,女,上海,大学生,二次元,角色扮演
U4626,男,北京,自由职业者,赛博朋克,写实
U5972,男,西安,职场新人,萌系治愈,2.5D游戏
U2931,隐私保密,西安,中学生,国风文化,合成工艺
U2118,男,广东,中学生,竞技对抗,体育
U1596,隐私保密,西安,中学生,国风文化,合成工艺
U1204,隐私保密,杭州,全职家长,历史考据,视觉小说
U2364,女,上海,职场新人,二次元,建造
U3534,隐私保密,西安,中学生,国风文化,战术
U3906,隐私保密,杭州,职场新人,国风文化,平台动作
U9314,女,广东,资深极客,二次元,2D游戏
U8900,男,广东,职场新人,竞技对抗,日系RPG
U8162,男,西安,资深极客,硬核技术,自动化
U1790,女,西安,职场新人,萌系治愈,像素图形
U3547,女,上海,资深极客,二次元,经营管理
U4360,女,上海,中学生,竞技对抗,建造
U4485,女,北京,职场新人,萌系治愈,潜行
U1728,女,杭州,资深极客,赛博朋克,体育
U3221,男,西安,资深极客,萌系治愈,2D游戏
U4528,男,广东,自由职业者,竞技对抗,策略
U8631,男,北京,自由职业者,赛博朋克,回合制
U7136,女,广东,职场新人,萌系治愈,2.5D游戏
U7213,男,广东,大学生,竞技对抗,卡牌游戏
U6133,隐私保密,西安,全职家长,二次元,开放世界
U2757,隐私保密,北京,大学生,竞技对抗,潜行
U2220,女,上海,自由职业者,历史考据,战术
U7868,隐私保密,西安,中学生,国风文化,剧情丰富
U4354,男,广东,大学生,竞技对抗,体育
U1717,隐私保密,西安,职场新人,萌系治愈,恐怖
U4210,男,成都,资深极客,竞技对抗,角色扮演
U9493,女,杭州,职场新人,萌系治愈,2.5D游戏
U3057,男,西安,中学生,国风文化,剧情丰富
U6373,女,上海,职场新人,二次元,抢先体验
U8734,女,西安,中学生,国风文化,益智
U5831,男,成都,资深极客,硬核技术,格斗
U9361,男,西安,中学生,国风文化,剧情丰富
U5561,女,上海,职场新人,萌系治愈,潜行
U4815,男,杭州,全职家长,历史考据,视觉小说
U2374,女,西安,职场新人,萌系治愈,2.5D游戏
U4609,男,广东,大学生,赛博朋克,抢先体验
U5073,男,广东,中学生,竞技对抗,奇幻
U7453,男,北京,自由职业者,赛博朋克,战争
U7526,女,西安,职场新人,萌系治愈,潜行
U4640,女,西安,职场新人,萌系治愈,战斗
U4715,女,上海,自由职业者,二次元,建造
U2765,男,广东,大学生,竞技对抗,2D游戏
U4950,女,上海,全职家长,竞技对抗,2.5D游戏
U3815,男,杭州,全职家长,历史考据,动漫
U6422,男,西安,资深极客,赛博朋克,经营管理
U6255,男,西安,中学生,国风文化,剧情丰富
U5418,隐私保密,成都,职场新人,硬核技术,生存
U8645,女,上海,职场新人,萌系治愈,恐怖
U8535,女,广东,职场新人,萌系治愈,第一人称射击
U9011,女,杭州,全职家长,历史考据,射击
U5903,隐私保密,西安,中学生,国风文化,战术
U4485,隐私保密,杭州,全职家长,历史考据,可爱
U7575,男,杭州,资深极客,硬核技术,自动化
U7293,女,广东,职场新人,萌系治愈,战斗
U7356,隐私保密,杭州,全职家长,历史考据,射击
U3392,男,武汉,资深极客,硬核技术,驾驶
U9069,女,武汉,职场新人,萌系治愈,战斗
U9419,男,广东,资深极客,竞技对抗,策略
U6801,男,杭州,全职家长,历史考据,射击
U5093,男,广东,资深极客,硬核技术,自动化
U2245,隐私保密,杭州,全职家长,竞技对抗,日系RPG
U2808,隐私保密,西安,中学生,国风文化,益智
U9631,女,西安,职场新人,萌系治愈,像素图形
U3181,隐私保密,西安,中学生,国风文化,益智
U5076,隐私保密,杭州,全职家长,历史考据,沙盒
U9128,女,广东,自由职业者,硬核技术,体育
U1450,男,西安,中学生,国风文化,战术
U8186,女,杭州,全职家长,历史考据,可爱
U8090,男,杭州,资深极客,硬核技术,驾驶
U7668,隐私保密,北京,自由职业者,赛博朋克,开放世界
U4414,女,广东,职场新人,萌系治愈,像素图形
U2358,女,上海,资深极客,二次元,多人在线联机
U5045,女,上海,资深极客,二次元,经营管理
U4926,女,上海,全职家长,二次元,多人在线联机
U8311,女,北京,自由职业者,赛博朋克,写实
U4691,女,上海,资深极客,二次元,角色扮演
U6642,男,西安,中学生,国风文化,战术
U8789,男,北京,全职家长,历史考据,生存
U2217,隐私保密,武汉,自由职业者,赛博朋克,战术
U5354,女,广东,大学生,竞技对抗,生存
U5387,男,广东,大学生,竞技对抗,2D游戏
U2484,女,成都,职场新人,萌系治愈,像素图形
U8563,隐私保密,杭州,全职家长,历史考据,视觉小说
U6956,女,杭州,全职家长,历史考据,动作
U4633,女,杭州,全职家长,历史考据,动作
U3026,隐私保密,杭州,自由职业者,竞技对抗,战斗
U5592,男,杭州,全职家长,历史考据,沙盒
U2246,女,上海,大学生,二次元,经营管理
U8225,男,广东,自由职业者,竞技对抗,2D游戏
U4883,女,西安,职场新人,萌系治愈,战斗
U3362,男,杭州,自由职业者,硬核技术,肉鸽(Roguelike)
U6626,男,成都,中学生,赛博朋克,模拟
U7111,女,成都,资深极客,历史考据,抢先体验
U6400,女,广东,职场新人,萌系治愈,恐怖
U2968,女,西安,中学生,国风文化,合成工艺
U4549,女,广东,职场新人,萌系治愈,2.5D游戏
U8751,女,上海,大学生,二次元,经营管理
U8967,女,西安,全职家长,竞技对抗,射击
U7018,女,上海,资深极客,二次元,角色扮演
U2247,男,北京,自由职业者,赛博朋克,写实
U5433,女,上海,中学生,二次元,抢先体验
U9089,女,杭州,全职家长,历史考据,动漫
U1737,隐私保密,杭州,全职家长,历史考据,动作
U3561,女,上海,大学生,二次元,经营管理
U3391,隐私保密,杭州,全职家长,历史考据,可爱
U7071,男,北京,资深极客,硬核技术,冒险
U4954,女,上海,中学生,二次元,多人在线联机
U6987,女,武汉,职场新人,萌系治愈,2.5D游戏
U1158,隐私保密,北京,自由职业者,赛博朋克,电脑角色扮演
U3585,隐私保密,杭州,全职家长,历史考据,动漫
U1230,男,杭州,全职家长,硬核技术,剧情丰富
U1876,隐私保密,西安,中学生,国风文化,战术
U4315,男,广东,资深极客,竞技对抗,2D游戏
U6402,隐私保密,杭州,全职家长,历史考据,射击
U8220,男,杭州,全职家长,历史考据,视觉小说
U6550,男,广东,中学生,竞技对抗,体育
U9188,男,广东,中学生,竞技对抗,体育
U6150,女,杭州,职场新人,萌系治愈,潜行
U2189,女,北京,职场新人,萌系治愈,像素图形
U1159,男,广东,全职家长,二次元,潜行
U7444,隐私保密,成都,全职家长,竞技对抗,格斗
U7245,隐私保密,武汉,职场新人,历史考据,体育
U5201,男,武汉,资深极客,硬核技术,冒险
U7815,男,杭州,全职家长,历史考据,动漫
U7008,女,武汉,职场新人,萌系治愈,恐怖
U1946,男,成都,自由职业者,赛博朋克,2.5D游戏
U3214,女,成都,全职家长,二次元,平台动作
U5921,男,广东,全职家长,国风文化,合成工艺
U9234,隐私保密,西安,中学生,国风文化,战术
U9403,男,广东,资深极客,竞技对抗,卡牌游戏
U2816,男,广东,中学生,竞技对抗,奇幻
U8354,隐私保密,广东,全职家长,二次元,恐怖
U3048,男,北京,中学生,二次元,电脑角色扮演
U6035,男,武汉,自由职业者,国风文化,可爱
U3535,隐私保密,北京,自由职业者,赛博朋克,战争
U3975,男,北京,自由职业者,赛博朋克,写实
U7662,女,上海,自由职业者,二次元,建造
U5548,女,上海,中学生,二次元,角色扮演
U5375,隐私保密,西安,中学生,国风文化,合成工艺
U1035,女,上海,大学生,二次元,经营管理
U6718,女,上海,资深极客,二次元,多人在线联机
U9466,男,西安,中学生,国风文化,合成工艺
U8777,男,杭州,资深极客,硬核技术,驾驶
U7091,男,广东,全职家长,竞技对抗,奇幻
U7535,男,成都,资深极客,硬核技术,自动化
U4524,女,杭州,资深极客,竞技对抗,战争
U8194,隐私保密,北京,自由职业者,赛博朋克,开放世界
U8187,男,广东,职场新人,竞技对抗,策略
U1659,男,西安,自由职业者,国风文化,开放世界
U3400,男,广东,大学生,竞技对抗,体育
U7341,男,西安,资深极客,硬核技术,自动化
U1679,男,西安,中学生,国风文化,战术
U1201,女,北京,自由职业者,赛博朋克,战争
U1593,隐私保密,上海,职场新人,国风文化,经营管理
U2484,女,杭州,职场新人,萌系治愈,恐怖
U7626,女,上海,大学生,二次元,类魂
U6253,男,广东,自由职业者,竞技对抗,日系RPG
U2260,女,上海,职场新人,萌系治愈,2.5D游戏
U4189,女,北京,职场新人,萌系治愈,恐怖
U3066,男,杭州,全职家长,萌系治愈,角色扮演
U5004,男,西安,中学生,国风文化,平台动作
U6687,女,武汉,自由职业者,硬核技术,动漫
U1809,男,广东,大学生,竞技对抗,2D游戏
U6038,女,北京,资深极客,萌系治愈,战斗
U1824,女,北京,大学生,国风文化,电脑角色扮演
U7817,隐私保密,西安,中学生,国风文化,生存
U9504,女,北京,自由职业者,赛博朋克,成人内容
U5590,男,上海,自由职业者,赛博朋克,冒险
U2354,男,杭州,全职家长,历史考据,射击
U7512,隐私保密,武汉,资深极客,历史考据,战斗
U8805,女,北京,自由职业者,赛博朋克,开放世界
U8124,男,广东,自由职业者,竞技对抗,策略
U2073,隐私保密,北京,自由职业者,赛博朋克,战争
U6339,男,杭州,资深极客,硬核技术,模拟
U9911,女,上海,中学生,二次元,多人在线联机
U5187,女,西安,自由职业者,赛博朋克,视觉小说
U9785,男,北京,资深极客,硬核技术,模拟
U9436,女,西安,资深极客,萌系治愈,战争
U7603,男,广东,职场新人,竞技对抗,卡牌游戏
U4052,女,上海,自由职业者,二次元,类魂
U6403,女,北京,自由职业者,赛博朋克,成人内容
U3704,女,上海,自由职业者,二次元,经营管理
U6920,男,成都,资深极客,硬核技术,自动化
U8228,男,广东,资深极客,硬核技术,肉鸽(Roguelike)
U5845,女,广东,职场新人,萌系治愈,2.5D游戏
U6405,女,上海,大学生,二次元,建造
U6361,女,北京,自由职业者,赛博朋克,写实
U4991,男,北京,资深极客,硬核技术,自动化
U2586,男,西安,职场新人,竞技对抗,战斗
U8127,男,西安,资深极客,硬核技术,驾驶
U1496,女,广东,职场新人,国风文化,写实
U4139,男,北京,自由职业者,赛博朋克,回合制
U5152,女,武汉,全职家长,赛博朋克,射击
U8212,男,广东,自由职业者,竞技对抗,奇幻
U7033,男,杭州,全职家长,历史考据,可爱
U1459,男,广东,大学生,竞技对抗,体育
U9958,女,上海,全职家长,国风文化,驾驶
U3127,隐私保密,杭州,全职家长,历史考据,沙盒
U2326,男,北京,自由职业者,赛博朋克,战争
U8599,男,广东,自由职业者,历史考据,抢先体验
U7422,隐私保密,西安,中学生,国风文化,生存
U1885,女,西安,中学生,国风文化,合成工艺
U1469,男,广东,资深极客,硬核技术,肉鸽(Roguelike)
U9118,女,北京,自由职业者,赛博朋克,写实
U7804,女,上海,中学生,二次元,建造
U5719,女,成都,职场新人,萌系治愈,恐怖
U5446,女,上海,职场新人,萌系治愈,像素图形
U5943,隐私保密,杭州,全职家长,历史考据,射击
U6099,男,西安,中学生,国风文化,合成工艺
U7912,隐私保密,成都,资深极客,二次元,平台动作
U4869,男,上海,资深极客,硬核技术,模拟
U9294,女,上海,职场新人,萌系治愈,恐怖
U9040,女,西安,全职家长,国风文化,回合制
U8071,女,武汉,职场新人,萌系治愈,潜行
U1132,男,北京,资深极客,硬核技术,肉鸽(Roguelike)
U8100,男,杭州,全职家长,历史考据,射击
U3446,男,广东,中学生,竞技对抗,2D游戏
U7913,女,北京,自由职业者,赛博朋克,写实
U2760,女,上海,大学生,二次元,建造
U5601,女,杭州,全职家长,历史考据,动漫
U2776,女,上海,资深极客,二次元,角色扮演
U4874,女,上海,全职家长,二次元,抢先体验
U6537,男,广东,大学生,竞技对抗,2D游戏
U9154,男,北京,自由职业者,赛博朋克,写实
U3749,男,广东,中学生,竞技对抗,2D游戏
U3304,女,广东,职场新人,萌系治愈,第一人称射击
U6445,女,上海,大学生,二次元,经营管理
U4909,男,杭州,资深极客,硬核技术,驾驶
U7923,男,北京,大学生,萌系治愈,类魂
U5908,女,上海,职场新人,萌系治愈,像素图形
U3719,女,广东,职场新人,萌系治愈,像素图形
U2288,女,西安,中学生,国风文化,剧情丰富
U3134,隐私保密,杭州,全职家长,历史考据,视觉小说
U9169,男,广东,自由职业者,竞技对抗,2D游戏
U5593,女,广东,职场新人,萌系治愈,像素图形
U8553,男,西安,中学生,国风文化,平台动作
U4500,男,广东,全职家长,竞技对抗,卡牌游戏
U7219,男,北京,自由职业者,赛博朋克,电脑角色扮演
U4531,女,广东,资深极客,竞技对抗,射击
U1165,男,西安,中学生,国风文化,剧情丰富
U8499,男,西安,中学生,国风文化,生存
U5057,男,广东,全职家长,竞技对抗,日系RPG
U3625,女,北京,自由职业者,赛博朋克,战争
U4136,女,北京,职场新人,萌系治愈,第一人称射击
U4266,女,杭州,全职家长,国风文化,写实
U4480,男,杭州,资深极客,硬核技术,自动化
U3483,男,武汉,资深极客,历史考据,成人内容
U8987,男,北京,自由职业者,赛博朋克,成人内容
U5417,隐私保密,成都,大学生,历史考据,平台动作
U5329,男,成都,资深极客,硬核技术,自动化
U8230,男,杭州,全职家长,赛博朋克,动漫
U3571,女,武汉,职场新人,萌系治愈,战斗
U8912,女,杭州,全职家长,历史考据,动作
U8509,男,杭州,资深极客,硬核技术,自动化
U1920,男,广东,中学生,竞技对抗,策略
U1953,男,广东,全职家长,竞技对抗,体育
U3012,男,上海,资深极客,硬核技术,驾驶
U3025,男,广东,资深极客,竞技对抗,卡牌游戏
U9922,女,上海,职场新人,二次元,抢先体验
U4661,女,西安,中学生,国风文化,战术
U8114,隐私保密,西安,中学生,国风文化,平台动作
U3857,男,杭州,全职家长,历史考据,射击
U6012,男,广东,自由职业者,竞技对抗,日系RPG
U1841,女,杭州,全职家长,历史考据,沙盒
U3044,女,上海,职场新人,萌系治愈,潜行
U5069,隐私保密,成都,大学生,二次元,日系RPG
U8460,男,西安,自由职业者,竞技对抗,动漫
U9769,隐私保密,北京,自由职业者,赛博朋克,回合制
U8848,女,西安,中学生,国风文化,合成工艺
U6706,隐私保密,上海,全职家长,硬核技术,战术
U1364,女,西安,大学生,二次元,第一人称射击
U7606,隐私保密,北京,资深极客,二次元,回合制
U9928,男,杭州,自由职业者,历史考据,益智
U2254,男,北京,资深极客,硬核技术,格斗
U2580,女,上海,自由职业者,二次元,角色扮演
U1941,女,西安,中学生,国风文化,生存
U1793,隐私保密,北京,自由职业者,赛博朋克,回合制
U1534,男,广东,大学生,竞技对抗,2D游戏
U6530,女,北京,职场新人,萌系治愈,恐怖
U6436,男,广东,资深极客,硬核技术,肉鸽(Roguelike)
U8051,女,杭州,全职家长,历史考据,动漫
U2213,男,北京,自由职业者,赛博朋克,开放世界
U2580,男,成都,资深极客,硬核技术,驾驶
U5814,男,北京,自由职业者,赛博朋克,战争
U9991,男,北京,自由职业者,赛博朋克,电脑角色扮演
U2395,男,广东,中学生,竞技对抗,卡牌游戏
U5721,男,广东,中学生,竞技对抗,策略
U5467,男,广东,中学生,竞技对抗,卡牌游戏
U5362,女,北京,自由职业者,赛博朋克,开放世界
U6730,女,武汉,职场新人,萌系治愈,潜行
U6687,男,北京,中学生,历史考据,体育
U9241,女,北京,中学生,二次元,电脑角色扮演
U3231,男,西安,中学生,竞技对抗,可爱
U7173,女,上海,职场新人,二次元,角色扮演
U1531,男,广东,大学生,竞技对抗,卡牌游戏
U7423,女,上海,自由职业者,二次元,建造
U5021,隐私保密,杭州,全职家长,历史考据,动作
U1821,女,成都,自由职业者,硬核技术,驾驶
U3022,男,武汉,全职家长,赛博朋克,回合制
U1464,女,北京,职场新人,萌系治愈,战斗
U9680,女,成都,职场新人,萌系治愈,第一人称射击
U8503,女,上海,大学生,二次元,多人在线联机
U6780,女,上海,大学生,二次元,建造
U6620,隐私保密,杭州,全职家长,历史考据,可爱
U1441,男,武汉,资深极客,硬核技术,自动化
U6535,男,成都,资深极客,硬核技术,自动化
U6838,女,上海,职场新人,二次元,多人在线联机
U7470,男,广东,资深极客,竞技对抗,卡牌游戏
U5073,女,杭州,全职家长,竞技对抗,抢先体验
U2803,女,上海,中学生,二次元,类魂
U5574,男,杭州,全职家长,历史考据,视觉小说
U7846,隐私保密,西安,中学生,国风文化,战术
U1150,女,武汉,职场新人,萌系治愈,潜行
U1173,男,广东,自由职业者,竞技对抗,策略
U3768,男,成都,大学生,国风文化,像素图形
U3483,女,成都,职场新人,萌系治愈,潜行
U5199,女,广东,资深极客,二次元,冒险
U5746,男,广东,大学生,竞技对抗,策略
U9419,男,杭州,全职家长,历史考据,视觉小说
U9245,隐私保密,杭州,中学生,竞技对抗,建造
U9585,女,西安,自由职业者,萌系治愈,平台动作
U6020,女,上海,全职家长,二次元,多人在线联机
U7045,隐私保密,杭州,资深极客,二次元,类魂
U1597,女,西安,职场新人,萌系治愈,潜行
U4842,女,上海,全职家长,二次元,建造
U3357,男,西安,资深极客,硬核技术,自动化
U9367,男,广东,资深极客,竞技对抗,日系RPG
U7354,男,西安,资深极客,硬核技术,肉鸽(Roguelike)
U5928,男,西安,中学生,国风文化,平台动作
U3202,男,杭州,资深极客,硬核技术,驾驶
U9610,女,上海,职场新人,萌系治愈,潜行
U8119,男,杭州,资深极客,硬核技术,冒险
U4984,女,上海,职场新人,二次元,类魂
U3216,男,西安,中学生,国风文化,战术
U7435,女,西安,中学生,国风文化,合成工艺
U6691,男,杭州,中学生,国风文化,驾驶
U4126,男,广东,资深极客,竞技对抗,奇幻
U8597,女,上海,自由职业者,二次元,抢先体验
U3310,隐私保密,武汉,大学生,历史考据,战术
U9101,女,广东,自由职业者,国风文化,视觉小说
U8539,男,北京,资深极客,硬核技术,冒险
U2367,女,上海,自由职业者,二次元,类魂
U1588,男,广东,自由职业者,竞技对抗,2D游戏
U3757,隐私保密,北京,自由职业者,赛博朋克,回合制
U4535,隐私保密,北京,自由职业者,赛博朋克,成人内容
U3306,女,上海,中学生,二次元,经营管理
U3511,隐私保密,杭州,全职家长,历史考据,射击
U6791,女,上海,大学生,二次元,多人在线联机
U7848,女,上海,大学生,二次元,抢先体验
U4309,男,成都,大学生,二次元,奇幻
U1832,女,上海,全职家长,二次元,类魂
U1613,男,西安,中学生,国风文化,生存
U8057,隐私保密,北京,自由职业者,赛博朋克,写实
U6885,女,上海,资深极客,二次元,经营管理
U5109,男,广东,自由职业者,竞技对抗,日系RPG
U8940,隐私保密,西安,中学生,国风文化,合成工艺
U9336,女,成都,资深极客,硬核技术,策略
U1394,男,广东,大学生,竞技对抗,卡牌游戏
U1591,女,武汉,全职家长,国风文化,多人在线联机
U1634,男,广东,职场新人,竞技对抗,卡牌游戏
U7055,女,上海,大学生,二次元,抢先体验
U4806,男,武汉,资深极客,硬核技术,自动化
U6046,女,上海,中学生,二次元,经营管理
U3710,女,上海,中学生,二次元,多人在线联机
U9175,女,上海,资深极客,二次元,类魂
U6120,男,广东,全职家长,竞技对抗,2D游戏
U3266,隐私保密,杭州,全职家长,历史考据,可爱
U4373,女,杭州,全职家长,历史考据,可爱
U1371,男,广东,自由职业者,竞技对抗,策略
U3353,隐私保密,西安,中学生,国风文化,生存
U1511,女,杭州,全职家长,历史考据,动漫
U4001,隐私保密,北京,自由职业者,赛博朋克,电脑角色扮演
U9997,男,广东,大学生,竞技对抗,策略
U5271,女,西安,大学生,硬核技术,合成工艺
U7926,女,北京,全职家长,竞技对抗,回合制
U6509,男,西安,中学生,国风文化,战术
U4784,男,杭州,全职家长,历史考据,可爱
U2580,男,广东,大学生,竞技对抗,策略
U2575,女,杭州,职场新人,萌系治愈,像素图形
U3272,女,成都,职场新人,萌系治愈,像素图形
U1059,男,杭州,全职家长,历史考据,射击
U6130,男,广东,资深极客,竞技对抗,卡牌游戏
U6790,男,北京,自由职业者,赛博朋克,写实
U8332,男,西安,中学生,国风文化,战术
U8652,女,上海,职场新人,二次元,建造
U8074,男,广东,资深极客,竞技对抗,奇幻
U3045,女,上海,职场新人,二次元,经营管理
U1510,男,广东,大学生,历史考据,抢先体验
U5041,隐私保密,北京,自由职业者,赛博朋克,成人内容
U7514,隐私保密,西安,中学生,国风文化,生存
U5189,男,杭州,大学生,硬核技术,卡牌游戏
U4069,男,广东,大学生,竞技对抗,日系RPG
U9462,女,上海,资深极客,二次元,角色扮演
U7301,女,广东,职场新人,萌系治愈,第一人称射击
U1992,女,西安,全职家长,二次元,2.5D游戏
U6759,隐私保密,广东,中学生,历史考据,日系RPG
U9396,女,西安,中学生,国风文化,平台动作
U9298,男,武汉,资深极客,硬核技术,冒险
U3027,女,上海,中学生,二次元,角色扮演
U9451,男,西安,中学生,国风文化,剧情丰富
U2851,男,成都,资深极客,硬核技术,驾驶
U3739,女,上海,大学生,二次元,经营管理
U2137,男,上海,资深极客,硬核技术,自动化
U8416,男,西安,资深极客,硬核技术,肉鸽(Roguelike)
U9298,女,西安,中学生,国风文化,生存
U6281,隐私保密,北京,自由职业者,赛博朋克,战争
U4211,男,广东,全职家长,竞技对抗,卡牌游戏
U6112,男,杭州,全职家长,历史考据,动漫
U7596,男,杭州,全职家长,历史考据,动作
U7494,女,上海,资深极客,二次元,经营管理
U7551,女,杭州,全职家长,历史考据,可爱
U6463,女,杭州,全职家长,历史考据,动漫
U4132,女,上海,大学生,二次元,建造
U8817,女,杭州,职场新人,萌系治愈,潜行
U3370,男,杭州,资深极客,硬核技术,模拟
U9264,女,杭州,全职家长,历史考据,视觉小说
U4392,女,杭州,职场新人,硬核技术,肉鸽(Roguelike)
U6332,隐私保密,西安,中学生,硬核技术,策略
U7771,女,上海,自由职业者,二次元,角色扮演
U7910,隐私保密,西安,中学生,国风文化,合成工艺
U3461,女,西安,中学生,国风文化,益智
U3658,女,北京,自由职业者,赛博朋克,电脑角色扮演
U9377,男,北京,大学生,赛博朋克,第一人称射击
U4562,隐私保密,西安,中学生,国风文化,合成工艺
U8400,女,上海,自由职业者,二次元,建造
U4335,女,武汉,大学生,赛博朋克,肉鸽(Roguelike)
U8761,女,北京,大学生,硬核技术,奇幻
U6895,男,广东,中学生,竞技对抗,2D游戏
U7059,女,上海,大学生,二次元,抢先体验
U5114,男,广东,职场新人,竞技对抗,日系RPG
U7172,男,北京,自由职业者,赛博朋克,开放世界
U8964,男,广东,职场新人,竞技对抗,体育
U2859,男,广东,全职家长,竞技对抗,卡牌游戏
U4074,男,上海,中学生,国风文化,驾驶
U3030,女,武汉,职场新人,萌系治愈,恐怖
U4059,女,广东,职场新人,赛博朋克,可爱
U9037,女,上海,全职家长,二次元,建造
U6415,女,成都,职场新人,萌系治愈,战斗
U2327,隐私保密,北京,自由职业者,赛博朋克,成人内容
U2067,隐私保密,北京,自由职业者,赛博朋克,战争
U8636,男,广东,全职家长,竞技对抗,卡牌游戏
U8342,男,广东,资深极客,竞技对抗,2D游戏
U8803,隐私保密,西安,中学生,国风文化,生存
U8595,男,上海,资深极客,硬核技术,模拟
U9681,女,西安,中学生,国风文化,剧情丰富
U3233,女,武汉,职场新人,二次元,潜行
U5464,女,上海,职场新人,二次元,角色扮演
U8172,女,上海,职场新人,萌系治愈,2.5D游戏
U7021,女,成都,职场新人,萌系治愈,战斗
U3099,女,上海,自由职业者,国风文化,多人在线联机
U3993,女,北京,自由职业者,赛博朋克,开放世界
U4237,女,武汉,职场新人,萌系治愈,战斗
U3311,女,广东,资深极客,竞技对抗,多人在线联机
U7377,女,上海,大学生,二次元,建造
U6287,男,武汉,资深极客,硬核技术,肉鸽(Roguelike)
U9387,男,武汉,全职家长,二次元,写实
U5918,女,北京,职场新人,萌系治愈,像素图形
U2914,男,广东,全职家长,竞技对抗,策略
U1444,女,西安,职场新人,萌系治愈,战斗
U5689,女,上海,中学生,二次元,类魂
U1666,女,北京,自由职业者,赛博朋克,开放世界
U7532,女,北京,自由职业者,赛博朋克,开放世界
U9473,女,上海,大学生,二次元,建造
U3783,男,北京,自由职业者,赛博朋克,写实
U5526,男,广东,资深极客,竞技对抗,体育
U7676,隐私保密,杭州,大学生,二次元,日系RPG
U3999,隐私保密,杭州,大学生,赛博朋克,战术
U4244,女,西安,中学生,国风文化,合成工艺
U1070,男,广东,资深极客,硬核技术,冒险
U6349,隐私保密,西安,中学生,国风文化,益智
U1221,女,西安,中学生,国风文化,战术
U2264,男,西安,资深极客,硬核技术,驾驶
U6757,男,杭州,全职家长,历史考据,动漫
U8693,女,西安,中学生,国风文化,益智
U9788,隐私保密,西安,中学生,国风文化,战术
U3218,男,广东,全职家长,竞技对抗,策略
U5540,男,广东,大学生,竞技对抗,策略
U1625,男,广东,大学生,竞技对抗,2D游戏
U7451,女,杭州,全职家长,历史考据,沙盒
U3532,女,杭州,全职家长,历史考据,射击
U4014,女,西安,职场新人,萌系治愈,2.5D游戏
U5978,隐私保密,西安,中学生,国风文化,战术
U8099,隐私保密,西安,大学生,国风文化,自动化
U5919,隐私保密,北京,自由职业者,赛博朋克,写实
U8908,女,武汉,职场新人,萌系治愈,第一人称射击
U6323,女,上海,资深极客,二次元,多人在线联机
U8949,男,北京,自由职业者,赛博朋克,开放世界
U8292,女,西安,中学生,国风文化,生存
U6297,男,西安,中学生,国风文化,合成工艺
U9213,女,上海,中学生,二次元,建造
U2241,男,广东,职场新人,竞技对抗,2D游戏
U9548,隐私保密,北京,自由职业者,赛博朋克,写实
U8195,隐私保密,北京,自由职业者,赛博朋克,回合制
U8994,隐私保密,杭州,全职家长,历史考据,沙盒
U4737,男,西安,中学生,萌系治愈,剧情丰富
U9557,女,西安,职场新人,萌系治愈,潜行
U5953,女,上海,资深极客,二次元,经营管理
U1339,女,上海,资深极客,硬核技术,射击
U3223,隐私保密,西安,中学生,国风文化,平台动作
U6337,隐私保密,北京,自由职业者,赛博朋克,开放世界
U3591,男,北京,资深极客,硬核技术,驾驶
U1086,男,西安,中学生,国风文化,益智
U7248,女,西安,中学生,国风文化,生存
U6443,女,广东,全职家长,国风文化,抢先体验
U9272,男,上海,资深极客,硬核技术,肉鸽(Roguelike)
U7573,男,成都,职场新人,国风文化,驾驶
U2920,女,上海,中学生,二次元,经营管理
U3691,男,广东,资深极客,硬核技术,驾驶
U9519,男,西安,中学生,国风文化,剧情丰富
U7221,女,西安,中学生,国风文化,益智
U9159,隐私保密,北京,资深极客,赛博朋克,回合制
U8182,女,西安,自由职业者,赛博朋克,冒险
U4774,男,武汉,大学生,二次元,回合制
U5683,女,北京,自由职业者,赛博朋克,成人内容
U4105,女,北京,自由职业者,赛博朋克,战争
U7256,女,上海,自由职业者,二次元,类魂
U8361,男,成都,资深极客,硬核技术,模拟
U8124,女,北京,自由职业者,赛博朋克,战争
U3638,男,上海,资深极客,硬核技术,肉鸽(Roguelike)
U7306,女,西安,中学生,国风文化,生存
U8704,男,广东,中学生,竞技对抗,日系RPG
U2483,男,广东,资深极客,硬核技术,冒险
U2884,女,上海,自由职业者,历史考据,回合制
U4292,女,北京,自由职业者,赛博朋克,回合制
U1158,女,北京,自由职业者,赛博朋克,写实
U9882,男,广东,全职家长,竞技对抗,卡牌游戏
U3550,男,杭州,全职家长,历史考据,动作
U1711,女,西安,职场新人,萌系治愈,2.5D游戏
U6738,女,上海,资深极客,二次元,经营管理
U4059,女,上海,大学生,二次元,建造
U1201,男,西安,中学生,国风文化,生存
U6362,男,西安,资深极客,硬核技术,冒险
U8921,隐私保密,西安,中学生,国风文化,平台动作
U9628,隐私保密,北京,自由职业者,赛博朋克,写实
U6234,隐私保密,武汉,中学生,赛博朋克,冒险
U7860,女,上海,职场新人,萌系治愈,潜行
U8245,男,广东,中学生,竞技对抗,奇幻
U5428,女,上海,职场新人,萌系治愈,像素图形
U7661,女,上海,自由职业者,二次元,抢先体验
U6047,女,上海,职场新人,二次元,类魂
U6712,男,上海,资深极客,硬核技术,格斗
U4441,男,广东,大学生,竞技对抗,日系RPG
U3885,男,广东,全职家长,竞技对抗,卡牌游戏
U7690,男,西安,资深极客,二次元,日系RPG
U7878,女,成都,全职家长,国风文化,2.5D游戏
U5681,隐私保密,杭州,全职家长,历史考据,射击
U3097,女,杭州,职场新人,硬核技术,恐怖
U6461,女,武汉,大学生,硬核技术,冒险
U7585,女,杭州,职场新人,赛博朋克,类魂
U2502,男,北京,自由职业者,赛博朋克,战争
U6214,女,杭州,全职家长,历史考据,可爱
U4974,隐私保密,西安,中学生,国风文化,益智
U3583,女,上海,大学生,二次元,抢先体验
U3530,隐私保密,北京,自由职业者,赛博朋克,电脑角色扮演
U5251,隐私保密,西安,中学生,国风文化,合成工艺
U4753,男,成都,资深极客,硬核技术,模拟
U6613,隐私保密,北京,自由职业者,赛博朋克,战争
U5484,隐私保密,西安,大学生,萌系治愈,战争
U1159,隐私保密,北京,自由职业者,赛博朋克,电脑角色扮演
U3333,男,杭州,中学生,二次元,策略
U9087,男,西安,中学生,国风文化,合成工艺
U5378,女,北京,自由职业者,赛博朋克,战争
U1662,男,广东,大学生,竞技对抗,日系RPG
U6433,女,西安,中学生,国风文化,生存
U9959,隐私保密,西安,资深极客,赛博朋克,剧情丰富
U2806,女,上海,大学生,二次元,多人在线联机
U2897,男,广东,大学生,竞技对抗,卡牌游戏
U6120,男,广东,职场新人,竞技对抗,体育
U7278,男,广东,全职家长,竞技对抗,体育
U9790,隐私保密,杭州,全职家长,历史考据,射击
U1890,男,杭州,全职家长,历史考据,可爱
U9965,男,广东,职场新人,竞技对抗,体育
U1910,男,杭州,职场新人,竞技对抗,自动化
U3043,隐私保密,北京,自由职业者,赛博朋克,电脑角色扮演
U8673,女,上海,中学生,二次元,角色扮演
U8232,男,西安,中学生,国风文化,战术
U7048,男,杭州,全职家长,历史考据,沙盒
U9839,女,武汉,全职家长,硬核技术,战争
U2634,男,西安,中学生,国风文化,生存
U2266,隐私保密,杭州,全职家长,历史考据,沙盒
U9395,隐私保密,西安,中学生,国风文化,益智
U7504,女,上海,自由职业者,二次元,建造
U2776,隐私保密,上海,大学生,国风文化,战争
U7500,女,西安,中学生,国风文化,平台动作
U5458,男,杭州,资深极客,硬核技术,自动化
U3050,男,上海,自由职业者,赛博朋克,视觉小说
U5787,男,成都,资深极客,二次元,视觉小说
U1502,男,北京,全职家长,赛博朋克,多人在线联机
U3597,男,成都,资深极客,竞技对抗,日系RPG
U3314,男,广东,职场新人,竞技对抗,卡牌游戏
U8227,隐私保密,武汉,中学生,二次元,开放世界
U4375,女,武汉,自由职业者,萌系治愈,冒险
U2017,女,杭州,中学生,萌系治愈,战争
U5644,隐私保密,北京,自由职业者,赛博朋克,战争
U6987,男,西安,中学生,国风文化,益智
U3175,男,上海,资深极客,硬核技术,冒险
U1989,隐私保密,西安,中学生,国风文化,生存
U5262,女,上海,大学生,二次元,建造
U5500,女,西安,中学生,国风文化,战术
U7467,女,上海,大学生,二次元,抢先体验
U5410,女,北京,自由职业者,赛博朋克,回合制
U1620,女,北京,自由职业者,赛博朋克,战争
U4082,女,西安,职场新人,萌系治愈,2.5D游戏
U6875,男,北京,自由职业者,赛博朋克,写实
U1433,男,广东,资深极客,竞技对抗,策略
U1990,男,杭州,全职家长,历史考据,射击
U1557,女,广东,职场新人,萌系治愈,第一人称射击
U9666,女,上海,资深极客,二次元,多人在线联机
U5103,男,广东,资深极客,竞技对抗,卡牌游戏
U5322,男,杭州,资深极客,硬核技术,肉鸽(Roguelike)
U1320,男,上海,资深极客,硬核技术,冒险
U3881,男,北京,自由职业者,赛博朋克,战争
U3014,男,广东,中学生,竞技对抗,2D游戏
U6440,女,上海,职场新人,萌系治愈,恐怖
U1364,男,广东,资深极客,硬核技术,冒险
U1556,男,上海,资深极客,硬核技术,格斗
U6091,男,广东,大学生,竞技对抗,日系RPG
U4665,隐私保密,北京,自由职业者,赛博朋克,回合制
U1304,隐私保密,北京,自由职业者,赛博朋克,开放世界
U1131,隐私保密,西安,中学生,国风文化,战术
U5936,男,广东,自由职业者,竞技对抗,2D游戏
U1398,女,广东,中学生,历史考据,射击
U1948,男,上海,资深极客,硬核技术,驾驶
U7350,隐私保密,西安,中学生,国风文化,平台动作
U6910,男,北京,自由职业者,赛博朋克,开放世界
U6521,女,上海,大学生,二次元,建造
U1419,男,广东,职场新人,竞技对抗,2D游戏
U3897,隐私保密,西安,中学生,国风文化,平台动作
U3379,隐私保密,北京,自由职业者,赛博朋克,开放世界
U9165,男,武汉,资深极客,赛博朋克,战争
U4515,男,北京,自由职业者,赛博朋克,战争
U8357,隐私保密,北京,自由职业者,赛博朋克,回合制
U6842,女,武汉,职场新人,萌系治愈,像素图形
U4111,隐私保密,北京,自由职业者,赛博朋克,电脑角色扮演
U3360,女,杭州,全职家长,历史考据,可爱
U5990,男,上海,大学生,历史考据,奇幻
U4580,男,西安,资深极客,硬核技术,格斗
U3386,男,上海,资深极客,硬核技术,格斗
U8050,男,西安,中学生,国风文化,合成工艺
U9936,隐私保密,北京,自由职业者,赛博朋克,成人内容
U3161,女,西安,职场新人,萌系治愈,恐怖
U7186,男,广东,大学生,竞技对抗,2D游戏
U1763,男,上海,资深极客,硬核技术,模拟
U5215,隐私保密,北京,大学生,二次元,战术
U4449,男,北京,自由职业者,赛博朋克,开放世界
U1669,女,上海,自由职业者,二次元,角色扮演
U2936,隐私保密,武汉,职场新人,硬核技术,多人在线联机
U4054,女,杭州,全职家长,历史考据,动作
U1265,隐私保密,北京,职场新人,二次元,恐怖
U4310,女,杭州,全职家长,萌系治愈,2D游戏
U8943,女,上海,大学生,二次元,多人在线联机
U9673,男,广东,全职家长,竞技对抗,体育
U9979,隐私保密,西安,中学生,国风文化,益智
U6206,女,上海,大学生,二次元,抢先体验
U7126,女,上海,自由职业者,赛博朋克,模拟
U2107,男,杭州,全职家长,历史考据,射击
U6028,女,北京,全职家长,赛博朋克,第一人称射击
U7852,女,上海,自由职业者,竞技对抗,视觉小说
U8715,隐私保密,西安,中学生,国风文化,战术
U4273,男,杭州,全职家长,历史考据,视觉小说
U1969,男,广东,自由职业者,竞技对抗,策略
U2231,男,上海,资深极客,硬核技术,冒险
U6226,男,北京,资深极客,硬核技术,肉鸽(Roguelike)
U2500,男,北京,自由职业者,赛博朋克,战争
U9842,男,杭州,全职家长,历史考据,动漫
U3870,隐私保密,杭州,全职家长,历史考据,动漫
U8897,隐私保密,西安,中学生,国风文化,战术
U7197,隐私保密,北京,自由职业者,赛博朋克,成人内容
U6035,女,上海,大学生,二次元,抢先体验
U4001,女,上海,资深极客,赛博朋克,成人内容
U9789,男,西安,中学生,国风文化,益智
U6404,女,北京,自由职业者,赛博朋克,回合制
U7498,女,成都,自由职业者,硬核技术,沙盒
U6910,男,广东,大学生,竞技对抗,日系RPG
U5292,男,杭州,自由职业者,二次元,角色扮演
U7854,女,杭州,全职家长,历史考据,沙盒
U7544,男,北京,自由职业者,赛博朋克,写实
U6252,男,广东,自由职业者,竞技对抗,奇幻
U4648,男,北京,自由职业者,赛博朋克,写实
U5653,男,广东,职场新人,竞技对抗,体育
U5015,女,西安,职场新人,萌系治愈,第一人称射击
U2482,女,西安,中学生,国风文化,剧情丰富
U8271,女,北京,自由职业者,赛博朋克,开放世界
U5408,女,杭州,全职家长,历史考据,射击
U4133,男,广东,大学生,竞技对抗,奇幻
U1627,男,广东,资深极客,萌系治愈,体育
U4682,男,杭州,自由职业者,国风文化,视觉小说
U1130,隐私保密,杭州,全职家长,历史考据,射击
U2522,隐私保密,上海,职场新人,二次元,驾驶
U3315,女,杭州,全职家长,历史考据,沙盒
U6660,女,成都,职场新人,萌系治愈,潜行
U3871,男,北京,自由职业者,赛博朋克,成人内容
U2574,男,西安,中学生,国风文化,战术
U1334,女,北京,职场新人,萌系治愈,战斗
U7277,男,广东,中学生,竞技对抗,卡牌游戏
U5602,男,西安,大学生,历史考据,抢先体验
U6440,女,成都,职场新人,萌系治愈,第一人称射击
U1542,女,上海,资深极客,二次元,建造
U6606,女,北京,自由职业者,硬核技术,可爱
U8354,男,广东,资深极客,硬核技术,驾驶
U8102,隐私保密,上海,全职家长,二次元,模拟
U7806,男,上海,职场新人,硬核技术,可爱
U6701,隐私保密,西安,中学生,国风文化,剧情丰富
U3854,男,武汉,自由职业者,二次元,策略
U7314,隐私保密,杭州,资深极客,历史考据,益智
U7523,女,杭州,全职家长,历史考据,沙盒
U6507,女,西安,中学生,国风文化,合成工艺
U7111,男,武汉,资深极客,硬核技术,模拟
U4878,男,北京,资深极客,硬核技术,格斗
U1048,女,广东,职场新人,萌系治愈,第一人称射击
U1397,男,西安,中学生,国风文化,生存
U2072,男,广东,中学生,竞技对抗,奇幻
U9703,女,武汉,职场新人,萌系治愈,潜行
U1698,女,西安,职场新人,萌系治愈,潜行
U4254,女,上海,职场新人,二次元,经营管理
U4908,女,成都,职场新人,萌系治愈,2.5D游戏
U7763,女,上海,自由职业者,二次元,抢先体验
U1382,男,西安,中学生,国风文化,生存
U9886,隐私保密,北京,自由职业者,赛博朋克,写实
U5254,女,成都,职场新人,萌系治愈,第一人称射击
U8876,女,上海,职场新人,萌系治愈,战斗
U7941,女,上海,自由职业者,二次元,角色扮演
U1226,女,武汉,职场新人,萌系治愈,恐怖
U2263,隐私保密,西安,职场新人,竞技对抗,益智
U6063,隐私保密,西安,中学生,国风文化,剧情丰富
U7213,隐私保密,西安,中学生,国风文化,平台动作
U7353,女,武汉,职场新人,萌系治愈,第一人称射击
U8290,隐私保密,武汉,中学生,硬核技术,合成工艺
U5563,男,广东,自由职业者,竞技对抗,奇幻
U6496,女,武汉,职场新人,萌系治愈,第一人称射击
U9158,隐私保密,北京,大学生,二次元,奇幻
U9262,男,成都,资深极客,硬核技术,肉鸽(Roguelike)
U3853,隐私保密,西安,中学生,国风文化,生存
U9776,隐私保密,武汉,职场新人,竞技对抗,视觉小说
U3459,女,北京,全职家长,赛博朋克,像素图形
U9409,女,上海,职场新人,萌系治愈,2.5D游戏
U9435,女,杭州,全职家长,历史考据,射击
U8610,女,杭州,职场新人,萌系治愈,恐怖
U4819,男,北京,自由职业者,赛博朋克,写实
U7119,男,成都,全职家长,赛博朋克,战斗
U8875,女,上海,自由职业者,二次元,角色扮演
U7988,男,武汉,资深极客,硬核技术,肉鸽(Roguelike)
U8734,女,上海,全职家长,二次元,角色扮演
U7967,女,武汉,职场新人,萌系治愈,潜行
U6691,女,上海,资深极客,二次元,抢先体验
U4941,男,广东,中学生,竞技对抗,体育
U6981,隐私保密,武汉,自由职业者,硬核技术,合成工艺
U8537,女,北京,自由职业者,赛博朋克,回合制
U8943,男,西安,资深极客,硬核技术,自动化
U5224,隐私保密,西安,中学生,国风文化,战术
U4963,女,成都,自由职业者,竞技对抗,电脑角色扮演
U3114,男,西安,中学生,国风文化,生存
U5438,隐私保密,北京,自由职业者,赛博朋克,写实
U9433,女,上海,全职家长,二次元,经营管理
U8450,隐私保密,北京,自由职业者,赛博朋克,回合制
U3588,隐私保密,北京,自由职业者,赛博朋克,开放世界
U1897,女,武汉,全职家长,萌系治愈,自动化
U4252,女,广东,自由职业者,硬核技术,体育
U9328,女,武汉,职场新人,二次元,体育
U7280,隐私保密,杭州,全职家长,历史考据,视觉小说
U7754,女,广东,中学生,赛博朋克,开放世界
U6918,男,西安,资深极客,国风文化,视觉小说
U8863,男,北京,资深极客,硬核技术,驾驶
U1642,男,广东,职场新人,竞技对抗,奇幻
U3737,女,西安,职场新人,萌系治愈,2.5D游戏
U2973,女,西安,中学生,国风文化,益智
U6310,女,广东,职场新人,萌系治愈,恐怖
U4212,女,成都,资深极客,二次元,体育
U3691,男,北京,自由职业者,赛博朋克,成人内容
U6372,女,西安,中学生,国风文化,剧情丰富
U7137,女,上海,中学生,二次元,多人在线联机
U9334,男,广东,职场新人,竞技对抗,日系RPG
U2208,隐私保密,西安,中学生,国风文化,剧情丰富
U1474,男,杭州,全职家长,历史考据,射击
U1352,男,北京,自由职业者,赛博朋克,战争
U1099,女,上海,中学生,二次元,角色扮演
U8291,男,西安,资深极客,硬核技术,自动化
U2423,男,杭州,资深极客,硬核技术,格斗
U8680,隐私保密,杭州,全职家长,历史考据,动作
U5784,女,西安,职场新人,萌系治愈,潜行
U7886,男,广东,大学生,国风文化,像素图形
U7109,男,广东,全职家长,竞技对抗,日系RPG
U6508,女,上海,大学生,二次元,多人在线联机
U6038,女,西安,中学生,国风文化,战术
U2553,男,北京,自由职业者,赛博朋克,开放世界
U6325,女,北京,自由职业者,赛博朋克,战争
U1184,男,杭州,全职家长,历史考据,动漫
U6472,女,杭州,全职家长,历史考据,沙盒
U6773,男,西安,资深极客,硬核技术,格斗
U5892,男,广东,职场新人,竞技对抗,策略
U4819,女,上海,职场新人,二次元,抢先体验
U6909,女,杭州,全职家长,历史考据,射击
U7048,男,西安,自由职业者,国风文化,肉鸽(Roguelike)
U8082,女,西安,职场新人,萌系治愈,恐怖
U7886,男,杭州,资深极客,硬核技术,模拟
U9438,隐私保密,北京,自由职业者,赛博朋克,开放世界
U7494,男,西安,中学生,国风文化,益智
U6136,女,上海,全职家长,二次元,类魂
U3770,隐私保密,北京,自由职业者,赛博朋克,战争
U3529,女,北京,资深极客,竞技对抗,2.5D游戏
U2510,男,广东,资深极客,硬核技术,自动化
U3781,男,武汉,资深极客,硬核技术,自动化
U6239,男,广东,职场新人,竞技对抗,策略
U6767,女,上海,自由职业者,二次元,类魂
U6456,隐私保密,西安,中学生,国风文化,合成工艺
U3316,女,武汉,职场新人,国风文化,建造
U9530,女,北京,自由职业者,赛博朋克,开放世界
U5580,男,武汉,资深极客,硬核技术,冒险
U1315,女,上海,资深极客,二次元,角色扮演
U9988,男,北京,自由职业者,赛博朋克,开放世界
U9455,男,广东,资深极客,竞技对抗,卡牌游戏
U3382,隐私保密,西安,中学生,国风文化,平台动作
U2330,女,杭州,资深极客,硬核技术,第一人称射击
U4016,男,北京,自由职业者,赛博朋克,开放世界
U8934,男,西安,自由职业者,国风文化,多人在线联机
U6552,男,杭州,全职家长,历史考据,动作
U7439,男,广东,大学生,竞技对抗,卡牌游戏
U1111,隐私保密,西安,中学生,国风文化,生存
U3719,男,成都,职场新人,二次元,日系RPG
U7254,隐私保密,西安,中学生,国风文化,益智
U6078,女,上海,中学生,二次元,建造
U8969,男,广东,资深极客,硬核技术,模拟
U9932,女,武汉,职场新人,萌系治愈,2.5D游戏
U2699,女,成都,职场新人,萌系治愈,第一人称射击
U1979,男,广东,中学生,竞技对抗,2D游戏
U6019,隐私保密,杭州,职场新人,历史考据,第一人称射击
U3444,女,成都,自由职业者,国风文化,射击
U8506,隐私保密,北京,自由职业者,赛博朋克,战争
U9534,男,西安,中学生,国风文化,战术
U3288,女,西安,中学生,国风文化,益智
U4279,隐私保密,杭州,全职家长,历史考据,射击
U8774,女,上海,职场新人,萌系治愈,第一人称射击
U3203,男,上海,资深极客,硬核技术,自动化
U5984,女,杭州,全职家长,历史考据,动作
U8040,男,上海,资深极客,硬核技术,肉鸽(Roguelike)
U1628,女,北京,自由职业者,赛博朋克,战争
U4007,女,西安,中学生,国风文化,剧情丰富
U6347,女,广东,中学生,历史考据,写实
U6826,隐私保密,北京,自由职业者,赛博朋克,成人内容
U7535,隐私保密,北京,中学生,萌系治愈,2D游戏
U6490,女,上海,自由职业者,二次元,角色扮演
U3460,男,杭州,全职家长,历史考据,射击
U8464,女,武汉,职场新人,萌系治愈,潜行
U6125,男,杭州,职场新人,历史考据,回合制
U2689,男,广东,全职家长,竞技对抗,日系RPG
U6419,男,广东,资深极客,竞技对抗,奇幻
U8987,男,杭州,资深极客,硬核技术,格斗
U4098,女,上海,中学生,二次元,抢先体验
U1086,男,西安,中学生,国风文化,平台动作
U4655,女,杭州,职场新人,萌系治愈,像素图形
U3152,女,武汉,自由职业者,二次元,像素图形
U5763,男,广东,中学生,国风文化,日系RPG
U7177,男,武汉,资深极客,硬核技术,冒险
U1944,男,杭州,全职家长,历史考据,沙盒
U8310,男,北京,自由职业者,赛博朋克,开放世界
U6101,男,广东,中学生,竞技对抗,奇幻
U4711,女,北京,自由职业者,赛博朋克,写实
U1140,男,广东,自由职业者,竞技对抗,奇幻
U4218,女,杭州,全职家长,历史考据,可爱
U5988,隐私保密,西安,中学生,国风文化,生存
U1101,女,广东,职场新人,萌系治愈,第一人称射击
U9067,女,上海,资深极客,二次元,建造
U3492,男,北京,资深极客,硬核技术,肉鸽(Roguelike)
U7772,隐私保密,杭州,全职家长,历史考据,动作
U9491,隐私保密,北京,中学生,竞技对抗,格斗
U7284,女,杭州,全职家长,历史考据,视觉小说
U3087,男,广东,大学生,竞技对抗,日系RPG
U2541,隐私保密,北京,自由职业者,赛博朋克,电脑角色扮演
U1148,男,北京,自由职业者,赛博朋克,开放世界
U7177,女,杭州,全职家长,历史考据,视觉小说
U3353,女,北京,职场新人,萌系治愈,战斗
U9154,隐私保密,杭州,全职家长,历史考据,沙盒
U1541,男,北京,自由职业者,赛博朋克,战争
U2740,隐私保密,西安,中学生,国风文化,生存
U5600,男,广东,中学生,竞技对抗,日系RPG
U5906,男,北京,资深极客,硬核技术,模拟
U7938,女,西安,职场新人,萌系治愈,像素图形
U9194,女,上海,全职家长,二次元,抢先体验
U1290,女,杭州,全职家长,历史考据,沙盒
U6122,女,武汉,职场新人,萌系治愈,2.5D游戏
U3511,女,武汉,职场新人,萌系治愈,潜行
U2090,隐私保密,广东,大学生,赛博朋克,战术
U3596,男,广东,大学生,竞技对抗,日系RPG
U3778,男,西安,中学生,国风文化,战术
U2109,男,杭州,全职家长,历史考据,动漫
U1670,隐私保密,武汉,全职家长,萌系治愈,像素图形
U9035,女,北京,资深极客,萌系治愈,恐怖
U4754,男,广东,资深极客,硬核技术,自动化
U7756,男,杭州,全职家长,历史考据,动漫
U3022,男,广东,职场新人,竞技对抗,2D游戏
U9559,女,西安,中学生,国风文化,合成工艺
U2984,女,上海,大学生,二次元,抢先体验
U4900,男,杭州,全职家长,历史考据,视觉小说
U3957,女,西安,职场新人,萌系治愈,战斗
